compound	noun	modifier	nounlemma	modifierlemma	order	number	gender	A-invar	hyphen	freq-brWaC	related-expr	comment	Aline-annot	examplesent1	examplesent2	examplesent3	regexp-freq	undefdetHead	undefdet	ser	ter	link-wiktionnary					
abalo sísmico	abalo	sísmico	abalo	sísmico	NA	S	M	no	no	94			C	São incomuns em Goiana os grandes <strong>abalos sísmicos</strong> ou terremotos.	Tsunamis são ondas de grande energia geradas por <strong>abalos sísmicos</strong>.	As terras também sofrerão fortes <strong>abalos sísmicos</strong>, o que desencadeará fortíssimos terremotos por todo o globo terrestre.	abalo sísmico	um	um	é	tem						
acampamento militar	acampamento	militar	acampamento	militar	NA	S	M	yes	no	29			C	Pelos quartéis e pelos <strong>acampamentos militares</strong> onde se decidiam as estratégias;	Um <strong>acampamento militar</strong> e várias barreiras policiais foram instaladas nos acessos e no povoado.	Na Guiana havia um grande <strong>acampamento militar</strong> e um avião de tropas estava trazendo mais soldados para ali.	acampamento militar	um	um	é	tem						
agente secreto	agente	secreto	agente	secreto	NA	S	M	no	no	143			C	Existe mesmo no serviço secreto inglês um <strong>agente secreto</strong> com licença para matar! 	Um <strong>agente secreto</strong> dos Estados Unidos se apaixona por uma espiã.	Fleming criou um <strong>agente secreto</strong> que era ao mesmo tempo frustrado e ambivalente em relação ao seu trabalho.	agente secreto	um	um	é	tem						
água doce	água	doce	água	doce	NA	S	F	yes	no	9226			PC	O Brasil conta com grandes reservas de <strong>água doce</strong>.	A maior reserva de <strong>água doce</strong>, que ganha cada vez mais importância.	95 a 98% das pérolas de <strong>água doce</strong> não são nucleadas.	água doce	uma	a	é	tem	http://www.priberam.pt/dlpo/%C3%A1gua%20doce					
água mineral	água	mineral	água	mineral	NA	S	F	yes	no	2800			C	Só beba <strong>água mineral</strong> lacrada.	Os bons bebem café ou <strong>água mineral</strong>.	Foram avaliadas 47 marcas de <strong>água mineral</strong>;	água mineral	uma	a	é	tem	https://pt.wiktionary.org/wiki/%C3%A1gua_mineral					
alarme falso	alarme	falso	alarme	falso	NA	S	M	no	no	178			NC	Felizmente, tudo não passou de um <strong>alarme falso</strong>.	Achei que tinha tido progresso, mas nada, <strong>alarme falso</strong>.	Os <strong>alarmes falsos</strong> da chegada dos rebeldes eram constantes.	alarme falso	um	um	é	tem	XX					
algodão-doce	algodão	doce	algodão	doce	NA	S	M	yes	yes	54			PC	Tem pipoca, estalinho, <strong>algodão doce</strong>, sorvete	Para a garotada, pipoca, <strong>algodão doce</strong>, cachorro quente, cama elástica e piscina de bolinhas.	Adicione a isso jujubas e <strong>algodão doce</strong> e você terá o meu conceito de como deveria ser o paraíso!	algodão-doce	um	um	é	tem						
alta temporada	temporada	alta	temporada	alto	AN	S	F	no	no	668			C	Na <strong>alta temporada</strong> (dezembro-fevereiro) evite usar carro.	É importante reservar antes, principalmente em período de <strong>alta temporada</strong>!	A oferta de hotéis por toda a Índia é grande mesmo em <strong>alta temporada</strong>.	alto temporada	uma	uma	é	tem	https://pt.wikipedia.org/wiki/Alta_temporada					
alta-costura	costura	alta	costura	alto	AN	S	F	no	yes	127			PC	Em vez de tênis de baixa qualidade, vamos fazer tênis de <strong>alta costura</strong>.	A marca Christian Dior é um ícone da moda de <strong>alta costura</strong>.	Adoro ver roupas tidas como simples, mas com uma precisão de <strong>alta costura</strong>.	alta-costura	uma	uma	é	tem						
alto mar	mar	alto	mar	alto	AN	S	M	no	no	5486			PC	Eles pescavam e congelavam os peixes em <strong>alto mar</strong>.	Estória de batalha desesperada e mortes em <strong>alto mar</strong>.	Os grandes cardumes só estão em <strong>alto mar</strong>!	alto mar	um	um	é	tem	https://pt.wiktionary.org/wiki/alto-mar					
alto-falante	falante	alto	falante	alto	AN	S	M	no	yes	2962			NC	Possui microfone e <strong>alto-falante</strong> mono.	Inauguramos serviços de <strong>alto-falantes</strong> e a rádio-colmeia.	Como sei a potência do <strong>alto falante</strong>?	alto falante	um	um	é	tem	https://pt.wiktionary.org/wiki/alto-falante					
amigo oculto	amigo	oculto	amigo	oculto	NA	S	M	no	no	443			PC	E aguardo ansiosamente o livro do meu <strong>amigo-oculto</strong>.	Teve presente de <strong>amigo oculto</strong> chegando pelos correios...	Logo, todos adivinham que seu <strong>amigo oculto</strong> é...	amigo oculto	um	um	é	tem	https://pt.wikipedia.org/wiki/Amigo_oculto					
amigo secreto	amigo	secreto	amigo	secreto	NA	S	M	no	no	1695			PC	Dar caixa de chocolates para o <strong>amigo secreto</strong>.	Meu <strong>amigo secreto</strong> é um sujeito muito irado.	<strong>Amigo secreto</strong> é trocar o presente espontâneo por um brinde.	amigo secreto	um	um	é	tem	https://pt.wikipedia.org/wiki/Amigo_secreto					
amor-próprio	amor	próprio	amor	próprio	NA	S	M	no	yes	4213			PC	Eu escolhi <strong>amor próprio</strong> e não autopiedade.	Perdeu o autorespeito e o <strong>amor proprio</strong>.	Desenvolva mais <strong>amor próprio</strong>, cure suas inseguranças.	amor próprio	um	um	é	tem	https://pt.wiktionary.org/wiki/amor-pr%C3%B3prio					
ano-novo	ano	novo	ano	novo	NA	S	M	no	yes	1200			PC	Esse ano, estarei embarcada Natal e <strong>ano novo</strong>.	Esta é a minha decisão de <strong>ano novo</strong>.	Esta é minha principal resolução de <strong>ano novo</strong>.	ano-novo	um	um	é	tem						
ar condicionado	ar	condicionado	ar	condicionado	NA	S	M	no	no	15391			PC	Aparelhos de <strong>ar-condicionado</strong> são desligados.	Alguns ônibus tem <strong>ar-condicionado</strong>.	Existe <strong>ar-condicionado</strong> em todos os quartos.	ar condicionado	um	um	é	tem	https://pt.wiktionary.org/wiki/ar_condicionado					
ar livre	ar	livre	ar	livre	NA	S	M	yes	no	166			NC	E vamos também construir uma piscina de <strong>ar livre</strong> em Vila Verde.	Artística, gosta de coisas bonitas e também da natureza e de <strong>ar livre</strong>.	Este restaurante ao <strong>ar livre</strong> está especializado em pratos tradicionais brasileiros, como a galinhada caipira.	ar livre	um	o	é	tem	https://pt.wiktionary.org/wiki/ar_livre					
arma branca	arma	branca	arma	branco	NA	S	F	no	no	422			PC	Oito pessoas foram detidas com rojões e <strong>armas brancas</strong>.	Gangues ligadas ao grupo costumam portar <strong>armas brancas</strong> e de fogo.	Foices e facões são <strong>armas brancas</strong> de uso corriqueiro.	arma branco	uma	uma	é	tem	https://pt.wiktionary.org/wiki/arma_branca				NC	60
ato falho	ato	falho	ato	falho	NA	S	M	no	no	1722			PC	Ocorre que temos razões para nossos esquecimentos, <strong>atos falhos</strong> e medos exagerados.	Astúcia proposital ou <strong>ato falho</strong> freudiano, a redação ambígua confere ao depoimento um valor que não tem.	Mas não é um <strong>ato falho</strong> e, ao invés de atrapalhar, trás um elemento a mais para a narrativa.	ato falho	um	um	é	tem	http://www.priberam.pt/dlpo/ato%20falho				PC	60
banho turco	banho	turco	banho	turco	NA	S	M	no	no	29			PC	Tome banho em um hammam, ou seja um <strong>banho turco</strong>.	Somente no século XVII houve a introdução das casas de saunas e <strong>banhos turcos</strong>.	O banho comunal na idade média e o <strong>banho turco</strong> tinham fins semelhantes.	banho turco	um	um	é	tem					C	60
batata-doce	batata	doce	batata	doce	NA	S	F	yes	yes	1756			C	Como entrada veio um ceviche amazônico com <strong>batata doce</strong>.	A <strong>batata doce</strong> é um alimento de baixo índice glicêmico.	Confira em quais preparações a <strong>batata doce</strong> pode ser utilizada.	batata doce	uma	uma	é	tem	https://pt.wiktionary.org/wiki/batata-doce					
bebida alcoólica	bebida	alcoólica	bebida	alcoólico	NA	S	F	no	no	26873			C	Você costuma ingerir <strong>bebida alcoólica</strong>?	Proibiram a venda de <strong>bebidas alcoólicas</strong>?	As <strong>bebidas alcoólicas</strong> podem causar consequências graves.	bebida alcoólico	uma	uma	é	tem	https://pt.wikipedia.org/wiki/Bebida_alco%C3%B3lica					
bode expiatório	bode	expiatório	bode	expiatório	NA	S	M	no	no	8659			NC	A classe médica está sendo usada como <strong>bode expiatório</strong>.	Peguei-o para <strong>bode expiatório</strong>, Ziraldo?	Dialoguem e não arranjem mais um <strong>bode expiatório</strong>.	bode expiatório	um	um	é	tem	https://pt.wiktionary.org/wiki/bode_expiat%C3%B3rio					
braço direito	braço	direito	braço	direito	NA	S	M	no	no	13628			NC	Ele era praticamente o <strong>braço direito</strong> de meu avô.	Não me considero <strong>braço direito</strong> do senhor Carlos.	Tem 37 anos e é o <strong>braço direito</strong> de seu pai, Agustín.	braço direito	um	um	é	tem	https://pt.wiktionary.org/wiki/bra%C3%A7o_direito					
buraco negro	buraco	negro	buraco	negro	NA	S	M	no	no	9665			NC	Esses <strong>buracos negros</strong> poderiam ter tamanhos subatômicos.	Os <strong>buracos negros</strong> primordiais são propostas teóricas.	Um <strong>buraco negro</strong> pode engolir pelo menos 10.000 sóis!	buraco negro	um	um	é	tem	https://pt.wiktionary.org/wiki/buraco_negro					
café colonial	café	colonial	café	colonial	NA	S	M	no	no	117			C	Termine a viagem na Floos Haus e saia rolando de tanto comer no <strong>café colonial</strong>.	Os hotéis locais também oferecem boas alternativas, como noites de bailes e <strong>café coloniais</strong> aos sábados.	Inclui <strong>café colonial</strong>, almoço, jantar e todas as atividades de lazer, incluindo cavalgadas, caiaque e pesca esportiva.	café colonial	um	um	é	tem	https://pt.wikipedia.org/wiki/Caf%C3%A9_colonial					
caixa-forte	caixa	forte	caixa	forte	NA	S	F	no	yes	174			PC	Experts em assaltos a cofres e <strong>caixas forte</strong>.	Quero que estes sejam instalados em <strong>caixa forte</strong> em condições de conservação adequadas a cargo da câmara municipal.	A lucidez que lhe permitiu guardar esses presentes em uma <strong>caixa forte</strong> blindada daquela casa, em vez dos guardar no Museu da Presidência da República.	caixa forte	uma	uma	é	tem	http://www.priberam.pt/dlpo/caixa%20forte					
caixa-preta	caixa	preta	caixa	preto	NA	S	F	no	yes	2688			PC	Quando será aberta a <strong>caixa preta</strong> do sindicalismo brasileiro?	Eles foram convocados para abrir a <strong>caixa preta</strong> do panamericano.	Em suma: aparelhos são <strong>caixas pretas</strong> que simulam o pensamento humano.	caixa preto	uma	uma	é	tem	https://pt.wiktionary.org/wiki/caixa-preta					
caixeiro viajante	caixeiro	viajante	caixeiro	viajante	NA	S	M	yes	no	57			PC	Além de marinheiro e <strong>caixeiro viajante</strong> devo ter sido poeta...	Os <strong>caixeiros viajantes</strong> partiram, não para vender a produção, mas para vender o país.	Ridículo que os <strong>caixeiros viajantes</strong> de agora tentam vender o que os outros vão produzir.	caixeiro viajante	um	um	é	tem						
câmara fria	câmara	fria	câmara	frio	NA	S	F	no	no	1080			PC	Fomos os primeiros da região a implantar uma <strong>câmara fria</strong> para sementes.	A <strong>câmara fria</strong> armazena cerca de 30 bois e a capacidade diária de abate chega a 60 bois diários.	Logo após a produção os barris seguem para os bares da rede e permanecem armazenados em <strong>câmaras frias</strong>.	câmara frio	uma	uma	é	tem	XX					
carne branca	carne	branca	carne	branco	NA	S	F	no	no	368			PC	Ideal para acompanhar <strong>carnes brancas</strong> e massas.	As carnes vermelhas são mais nutritivas do que as <strong>carnes brancas</strong>, com relação a micronutrientes.	Trata-se de <strong>carne branca</strong>, com pouca gordura e boa fonte de proteína.	carne branco	uma	uma	é	tem	https://pt.wiktionary.org/wiki/carne_branca					
carne vermelha	carne	vermelha	carne	vermelho	NA	S	F	no	no	5365			PC	Você poderá comer frango grelhado ou cozido ao invés de <strong>carne vermelha</strong>.	Como os nutricionistas vêem o consumo de <strong>carne vermelha</strong>?	Ideal para acompanhar <strong>carnes vermelhas</strong>, caças e porco.	carne vermelho	uma	uma	é	tem	https://pt.wiktionary.org/wiki/carne_vermelha					
carro-forte	carro	forte	carro	forte	NA	S	M	yes	yes	606			PC	Quando o <strong>carro forte</strong> deixou o banco, os veículos ingressaram no estacionamento.	Já tivemos ministros que nem sabiam a diferença entre um blindado e um <strong>carro forte</strong>.	Assaltos mais ousados passaram a acontecer, e os <strong>carros fortes</strong> foram se tornando verdadeiras fortalezas.	carro forte	um	um	é	tem	https://pt.wiktionary.org/wiki/carro-forte					
carta aberta	carta	aberta	carta	aberto	NA	S	F	no	no	351			PC	Reproduzimos, na íntegra a <strong>carta aberta</strong> que foi redigida em inglês, macuxi e português.	A <strong>carta aberta</strong> também faz denúncias de descaso com a saúde de indígenas.	As cartas argumentativas podem ser: <strong>carta aberta</strong> à população, carta de reclamação e carta de solicitação.	carta aberta	uma	uma	é	tem						
centro comercial	centro	comercial	centro	comercial	NA	S	M	no	no	9273			C	A chuva levou muita gente aos <strong>centros comerciais</strong>.	Normalmente, os restaurantes encontram-se dentro de <strong>centros comerciais</strong>.	Pedimos para ir ao maior <strong>centro comercial</strong> de Delhi.	centro comercial	um	um	é	tem	https://pt.wiktionary.org/wiki/shopping_center					
centro espírita	centro	espírita	centro	espírita	NA	S	M	no	no	2402			C	Qual o papel que o <strong>centro espírita</strong> deve desempenhar?	O <strong>centro espírita</strong> tem que ser o lugar de doutrina espírita.	O público que frequenta um <strong>centro espírita</strong> busca o que em uma palestra?	centro espírita	um	um	é	tem	https://pt.wiktionary.org/wiki/centro_esp%C3%ADrita					
cerca viva	cerca	viva	cerca	viva	NA	S	F	no	no	35			PC	É bem possível realizar uma <strong>cerca viva</strong>, com espécies distintas ao redor da horta.	Ela forma uma ótima <strong>cerca viva</strong> quando plantada a cada metro e meio. 	Também são cultivadas para <strong>cercas vivas</strong> inclusive de divisas territoriais e para sombreamento de estradas.	cerca viva	uma	uma	é	tem						
céu aberto	céu	aberto	céu	aberto	NA	S	M	no	no	429	a céu aberto		NC	Em Florianópolis, o shopping a <strong>céu aberto</strong> será na rua Vidal Ramos.	Eram umas lobas que, a <strong>céu aberto</strong> lutavam raivosamente para proteger sua tribo.	O Inhotim reune obras de arte a <strong>céu aberto</strong>, galerias e um acervo com cerca de 500 obras de arte.	céu aberto	um	um	é	tem	https://pt.wiktionary.org/wiki/a_c%C3%A9u_aberto					
cheiro-verde	cheiro	verde	cheiro	verde	NA	S	M	no	yes	123			NC	Pique o <strong>cheiro verde</strong> e as folhas de aipo.	Bouquet garni: palavra de origem francesa que significa um ramalhete de <strong>cheiros verdes</strong>.	Acerte o sal e finalize com suco de limão cravo e o <strong>cheiro verde</strong>.	cheiro verde	um	um	é	tem	http://www.priberam.pt/dlpo/cheiro%20verde					
circuito integrado	circuito	integrado	circuito	integrado	NA	S	M	no	no	89			C	Nascia aí o <strong>circuito integrado</strong>, um pequeno pedaço, um pequeno chip.	Em 1965, produziu seu primeiro <strong>circuito integrado</strong> experimental e começou a lançar equipamentos electrônicos transistorizados.	Isto culminou com a construção do primeiro <strong>circuito integrado</strong> no final da década de sessenta.	circuito integrado	um	um	é	tem	https://pt.wiktionary.org/wiki/circuito_integrado					
círculo vicioso	círculo	vicioso	círculo	vicioso	NA	S	M	no	no	5775			PC	Como cortar este <strong>círculo vicioso</strong> negativo, destrutivo?	Acelerou-se o <strong>círculo vicioso</strong> entre finanças e política.	Comendo mais, engorda e assim começa um <strong>círculo vicioso</strong>.	círculo vicioso	um	um	é	tem	https://pt.wiktionary.org/wiki/c%C3%ADrculo#Express.C3.B5es					
círculo virtuoso	círculo	virtuoso	círculo	virtuoso	NA	S	M	no	no	1600			PC	Em um <strong>círculo virtuoso</strong>, o processo se auto-alimenta.	Um comportamento altruístico que gera o <strong>círculo virtuoso</strong> da reciprocidade.	Foi criado um <strong>círculo virtuoso</strong>, em que se geram empregos formais, com salários maiores.	círculo virtuoso	um	um	é	tem	XX					
classe executiva	classe	executiva	classe	executivo	NA	S	F	no	no	2942			PC	E ainda falta contar o preço de as passagens, todas na <strong>classe executiva</strong>.	Ninguém viaja de <strong>classe executiva</strong> e os quartos dos hotéis são sempre compartilhados.	Os lounges para primeira classe e <strong>classe executiva</strong> ficam no andar de cima.	classe executivo	uma	uma	é	tem	http://www.priberam.pt/dlpo/classe%20executiva					
colégio militar	colégio	militar	colégio	militar	NA	S	M	yes	no	1183			C	Ela tem apenas 18 anos e cursa o último ano no <strong>colégio militar</strong> de Porto Alegre.	Em 1960 ingressou no <strong>colégio militar</strong> em Lisboa.	Cursou o <strong>colégio militar</strong> do Rio de Janeiro, no qual obteve o diploma de agrimensor.	colégio militar	um	um	é	tem						
coluna social	coluna	social	coluna	social	NA	S	F	yes	no	364			PC	O casal foi o assunto em todas as <strong>colunas sociais</strong>.	Seus rostos ilustram as <strong>colunas sociais</strong> e as revistas de fofocas revelam sua vida privada.	Depois de três anos vivendo em Washington, ele nunca apareceu em <strong>colunas sociais</strong>.	coluna social	uma	uma	é	tem	http://www.priberam.pt/dlpo/coluna%20social					
comida caseira	comida	caseira	comida	caseiro	NA	S	F	no	no	2258			C	Deve estar habituado a <strong>comida caseira</strong> porque só quer latas de comida.	Na passagem vimos uma plaquinha em uma casa anunciando <strong>comida caseira</strong>.	No fundo do quintal tem mesinhas onde ela serve <strong>comida caseira</strong>.	comida caseiro	uma	uma	é	tem	https://pt.wiktionary.org/wiki/caseiro					
companhia aérea	companhia	aérea	companhia	aéreo	NA	S	F	no	no	15031			C	A TAM linhas aéreas é uma <strong>companhia aérea</strong> brasileira.	A Varig foi a primeira <strong>companhia aérea</strong> brasileira.	Nossas <strong>companhias aéreas</strong> têm um histórico assustador.	companhia aéreo	uma	uma	é	tem	https://pt.wikipedia.org/wiki/Linha_a%C3%A9rea					
conta-corrente	conta	corrente	conta	corrente	NA	S	F	yes	yes	609			PC	O governo britânico ameaçou congelar poupanças islandesas e <strong>contas correntes</strong>.	Por exemplo, as transações ilegais de valores de <strong>contas correntes</strong>.	Um cartão de débito tem ligação com sua <strong>conta corrente</strong>.	conta-corrente	uma	uma	é	tem						
coração partido	coração	partido	coração	partido	NA	S	M	no	no	558			PC	Está com o <strong>coração partido</strong>, sangrando por dentro?	Estou realmente destruída, com o meu <strong>coração partido</strong>.	A dor de um <strong>coração partido</strong> é inevitável, mas o sofrimento é opcional.	coração partido	um	um	é	tem	https://pt.wikipedia.org/wiki/S%C3%ADndrome_do_cora%C3%A7%C3%A3o_partido					
corda bamba	corda	bamba	corda	bambo	NA	S	F	no	no	4084			NC	Você está sempre à beira do erro, na <strong>corda bamba</strong>.	É difícil viver o tempo todo nessa <strong>corda bamba</strong>.	É uma <strong>corda bamba</strong>, mas acho que conseguimos nos equilibrar muito bem.	corda bambo	uma	uma	é	tem	http://www.priberam.pt/dlpo/corda%20bamba					
cordas vocais	cordas	vocais	corda	vocal	NA	P	F	no	no	3644			C	Sussurrar não poupa as <strong>cordas vocais</strong>, muito pelo contrário.	A freqüência da voz é determinada pelas <strong>cordas vocais</strong>.	Crises de tosse também podem causar lesão nas <strong>cordas vocais</strong>.	corda vocal	<!--x-->	<!--x-->	são	têm	https://pt.wiktionary.org/wiki/corda#Express.C3.B5es					
curto-circuito	circuito	curto	circuito	curto	AN	S	M	no	yes	4183			PC	A memória entra em <strong>curto-circuito</strong>.	Apagaram as luzes com um <strong>curto-circuito</strong> na casa de força.	O incêndio foi provocado pelo <strong>curto-circuito</strong> de um video-game.	curto circuito	um	um	é	tem	https://pt.wiktionary.org/wiki/curto-circuito					
deputado federal	deputado	federal	deputado	federal	NA	S	M	yes	no	4224			C	Ele quer se candidatar a <strong>deputado federal</strong> em 2014.	Em 1986, elegeu-se <strong>deputado federal</strong> por São Paulo.	O Nordeste tem 27 senadores e mais de uma centena de <strong>deputados federais</strong>.	deputado federal	um	um	é	tem						
desfile militar	desfile	militar	desfile	militar	NA	S	M	yes	no	1051			C	Durante este festival os Sikhs realizam <strong>desfiles militares</strong> e espectáculos de artes marciais.	Apenas será mantido o <strong>desfile militar</strong> na avenida Champs-Élysées.	Em Moscou, a data é comemorada com <strong>desfiles militares</strong>, apresentações musicais e queima de fogos.	desfile militar	um	um	é	tem						
direitos humanos	direitos	humanos	direito	humano	NA	P	M	no	no	6119			C	Os crimes relacionados com <strong>direitos humanos</strong> prescrevem?	Defensor ou agressor dos <strong>direitos humanos</strong>?	O documento citará a violação de <strong>direitos humanos</strong>.	direitos humanos	<!--x-->	<!--x-->	são	têm						
disco rígido	disco	rígido	disco	rígido	NA	S	M	no	no	8982			PC	Os spywares exploram os cookies armazenados no <strong>disco rígido</strong>.	20Mb de espaço disponível no <strong>disco rígido</strong>;	A imagem do sistema deve ser salva em um <strong>disco rígido</strong>.	disco rígido	um	um	é	tem	https://pt.wiktionary.org/wiki/disco_r%C3%ADgido					
disco voador	disco	voador	disco	voador	NA	S	M	no	no	5189			NC	Ilustração do que se acredita serem <strong>discos voadores</strong>.	Estamos totalmente alheios a esse assunto de <strong>disco voador</strong>.	Um encontro fatal com tripulantes de um <strong>disco voador</strong>?	disco voador	um	um	é	tem	http://www.priberam.pt/dlpo/disco%20voador					
efeito especial	efeito	especial	efeito	especial	NA	S	M	yes	no	10589			PC	Os <strong>efeitos especiais</strong> são convincentes.	A cena é grotesca, com <strong>efeitos especiais</strong> exagerados e nojentos.	Um mundo repleto de fabulosos <strong>efeitos especiais</strong> tridimensionais.	efeito especial	um	um	é	tem	https://pt.wiktionary.org/wiki/efeito#Express.C3.B5es					
elefante branco	elefante	branco	elefante	branco	NA	S	M	no	no	1242			NC	Alguns dos estádios novos foram criticados por se tornarem "<strong>elefantes brancos</strong>" após a Copa.	Tenho preocupação com o futuro do estádio de Manaus, pode ser mesmo um <strong>elefante branco</strong>.	Os projectos megalómanos pontificavam-se como verdadeiros <strong>elefantes brancos</strong> desbaratando a eito toda a ajuda da cooperação internacional 	elefante branco	um	um	é	tem	http://www.priberam.pt/dlpo/elefante%20branco					
escada rolante	escada	rolante	escada	rolante	NA	S	F	yes	no	118			PC	Os elevadores, <strong>escadas rolantes</strong> e esteiras rolantes;	Próximo existem duas <strong>escadas rolantes</strong> e dois elevadores.	Nas outras subo de <strong>escada rolante</strong> com acompanhante.	escada rolante	uma	uma	é	tem						
estrela cadente	estrela	cadente	estrela	cadente	NA	S	F	yes	no	1005			C	Um meteoro é também por vezes designado de <strong>estrela cadente</strong>.	Nosso sistema solar também apresenta um fenômeno atmosférico frequente: as <strong>estrelas cadentes</strong>.	E não é que uma chuva de <strong>estrelas cadentes</strong> caiu sobre a Terra?	estrela cadente	uma	uma	é	tem	https://pt.wiktionary.org/wiki/estrela_cadente					
exame clínico	exame	clínico	exame	clínico	NA	S	M	no	no	789			C	Esse diagnostico é realizado através de <strong>exame clínico</strong> e radiográfico.	Simples <strong>exame clínico</strong> poderia perfeitamente atender à exigência do tipo.	Durante um <strong>exame clínico</strong>, muitas vezes o médico pode palpar a bexiga cheia.	exame clínico	um	um	é	tem	XX					
exame laboratorial	exame	laboratorial	exame	laboratorial	NA	S	M	no	no	737			C	Reagentes aceleram o resultado de <strong>exames laboratoriais</strong>.	O diagnóstico é feito através de <strong>exames laboratoriais</strong>.	Não basta fazer <strong>exames laboratoriais</strong> e radiografias para estabelecer o diagnóstico.	exame laboratorial	um	um	é	tem	https://pt.wikipedia.org/wiki/Exame_laboratorial					
farinha integral	farinha	integral	farinha	integral	NA	S	F	yes	no	125			C	Elaboração de macarrão cozido à base de <strong>farinha integral</strong> de quinoa e farinha de arroz.	Use <strong>farinha integral</strong> em lugar da farinha branca ou fina, que é pobre de elementos nutritivos.	Cada uma dessas linhas tem várias subdivisões com pães elaborados a partir de matérias-primas como centeio, glúten, linhaça e <strong>farinha integral</strong>.	farinha integral	uma	uma	é	tem	XX					
febre amarela	febre	amarela	febre	amarelo	NA	S	F	no	no	6766			PC	Jean-Baptiste morreu de <strong>febre amarela</strong> quando o filho tinha quinze meses.	O Rio de Janeiro era assolado por doenças como varíola e <strong>febre amarela</strong>.	Fui olhar o meu atestado de vacina contra <strong>febre amarela</strong>.	febre amarela	uma	uma	é	tem	https://pt.wiktionary.org/wiki/febre_amarela					
ficha limpa	ficha	limpa	ficha	limpo	NA	S	F	no	no	3148			NC	A questão da corrupção, da <strong>ficha limpa</strong>.	Não há objeção dos deputados para que haja <strong>ficha limpa</strong>.	Só deputado e senador têm que ter <strong>ficha limpa</strong>? 	ficha limpo	uma	uma	é	tem	https://pt.wiktionary.org/wiki/ficha_limpa					
fila indiana	fila	indiana	fila	indiano	NA	S	F	no	no	122			PC	Caminhavam em <strong>fila indiana</strong>, uma influência indígena.	Seguimos em <strong>fila indiana</strong> subindo e descendo encostas de areia carregando nossas enormes mochilas.	Chamamos de <strong>fila indiana</strong> a fila em que uma pessoa fica atrás da outra esperando sua vez.	fila indiana	uma	uma	é	tem	http://www.priberam.pt/dlpo/fila%20indiana					
fio condutor	fio	condutor	fio	condutor	NA	S	M	no	no	2874			NC	Esse é o <strong>fio condutor</strong> dessa coletânea de textos.	Tem um <strong>fio condutor</strong> em redor do qual se desencadeia toda a história.	A grande preocupação foi que houvesse um <strong>fio condutor</strong> em todo o concerto.	fio condutor	um	um	é	tem	XX					
força bruta	força	bruta	força	bruto	NA	S	F	no	no	1308			PC	A <strong>força bruta</strong> seria a solução para a criminalidade que nos assola.	A mobilidade da vida social moderna exige inteligência, não <strong>força bruta</strong>;	Usar a <strong>força bruta</strong>, para tentar impor um ponto de vista não vai funcionar.	força bruta	uma	uma	é	tem	XX					
gato-pingado	gato	pingado	gato	pingado	NA	S	M	no	yes	72			NC	Não deu quase ninguém, só alguns <strong>gatos pingados</strong>! 	Os esquerdistas, na comparação, eram meia dúzia de <strong>gatos pingados</strong>.	Se der mil <strong>gatos pingados</strong> pode registrar como o primeiro milagre no século XXI.	gato-pingado	um	um	é	tem						
gelo-seco	gelo	seco	gelo	seco	NA	S	M	no	yes	913			PC	Weldon igualou os efeitos filmados em Yellowstone com <strong>gelo seco</strong> e máquinas de fumaça.	Sim, o <strong>gelo seco</strong>, que é dióxido de carbono na forma sólida, é uma substância perigosa.	Os pólos estão cobertos por calotas polares formadas por <strong>gelo seco</strong> (dióxido de carbono congelado) e gelo de água.	gelo seco	um	um	é	tem	https://pt.wiktionary.org/wiki/gelo-seco					
golpe baixo	golpe	baixo	golpe	baixo	NA	S	M	no	no	716			NC	A Internet abre possibilidades sem fim para abusos e <strong>golpes baixos</strong>.	Em esse campo são corriqueiras as brigas judiciais, <strong>golpes baixos</strong> e acusações de favorecimento.	No afã de alcançar seus objetivos, para alguns vale tudo, até <strong>golpes baixos</strong>.	golpe baixo	um	um	é	tem	XX					
governo federal	governo	federal	governo	federal	NA	S	M	yes	no	7546			C	Apenas o <strong>governo federal</strong> teria essa autoridade.	Armados e treinados pelo <strong>governo federal</strong>.	Uma crise política abalou o <strong>governo federal</strong>.	governo federal	um	um	é	tem						
gripe aviária	gripe	aviária	gripe	aviário	NA	S	F	no	no	327			PC	Há suspeitas de que o foco da <strong>gripe aviária</strong> tenha surgido nesses locais.	Seja essa pandemia causada pelo vírus da <strong>gripe aviária</strong>, suína ou qualquer outro.	Os porcos também podem ser infectados por vírus da <strong>gripe aviária</strong> e por vírus da influenza sazonal humana.	gripe aviário	uma	uma	é	tem	https://pt.wikipedia.org/wiki/Gripe_avi%C3%A1ria					
gripe suína	gripe	suína	gripe	suíno	NA	S	F	no	no	8004			PC	Como a <strong>gripe suína</strong> se espalha?	Como diferenciar entre gripe comum e <strong>gripe suína</strong>?	Existe uma vacina que combate a <strong>gripe suína</strong>?	gripe suíno	uma	uma	é	tem	https://pt.wikipedia.org/wiki/Gripe_su%C3%ADna					
guarda-florestal	guarda	florestal	guarda	florestal	NA	S	M	yes	yes	45			C	Um <strong>guarda florestal</strong> faz patrulhas regulares para afastar os caçadores.	Ele foi no início utilizado por <strong>guardas florestais</strong> para combater a caça clandestina.	No inverno, só pode visitar a Spruce Tree House em uma visita guiada por um <strong>guarda florestal</strong>.	guarda-florestal	um	um	é	tem	http://www.priberam.pt/dlpo/guarda-florestal					
jogo duro	jogo	duro	jogo	duro	NA	S	M	no	no	371			NC	Eu sou franco e <strong>jogo duro</strong>, não abro mão de aquilo que eu gosto.	A captação de recursos privados tem sido afetada pelo <strong>jogo duro</strong> do Planalto e pela ausência de uma lei das ONGs.	A oposição fez um <strong>jogo duro</strong>, não dando trégua, na esperança de enfraquecer lula e derrotá-lo	jogo duro	um	um	é	tem	XX					
juízo final	juízo	final	juízo	final	NA	S	M	yes	no	21785			NC	A ressurreição dos mortos ocorrerá antes do <strong>juízo final</strong>.	A parede do fundo exibia cenas relativas ao <strong>juízo final</strong>.	Esse veredito de Deus sobre Davi nos leva ao grande <strong>juízo final</strong>.	juízo final	um	um	é	tem	https://pt.wiktionary.org/wiki/Ju%C3%ADzo_Final					
leite integral	leite	integral	leite	integral	NA	S	M	yes	no	1160			C	Depois do primeiro aniversário, já dá para dar <strong>leite integral</strong>.	O brasileiro aumentou o consumo de <strong>leite integral</strong> e carne com gordura.	Troque o <strong>leite integral</strong> pelo desnatado e economize nas calorias.	leite integral	um	um	é	tem	XX					
lista negra	lista	negra	lista	negro	NA	S	F	no	no	4493			PC	Maradona e Palermo também estão na <strong>lista negra</strong> de Román.	Passou sete meses com homens que estavam na <strong>lista negra</strong> de Israel.	Quem se recusasse a aceitar esse Evangelho era colocado na <strong>lista negra</strong>.	lista negra	uma	uma	é	tem	https://pt.wikipedia.org/wiki/Lista_negra					
livre-docente	docente	livre	docente	livre	AN	S	M	yes	yes	79			PC	Sou também mestre e doutor, e depois <strong>livre docente</strong>.	Membro da American Academy of Forensic Science, Wilmes é <strong>livre-docente</strong> e dá aulas em três faculdades.	Seu pai era químico e foi <strong>livre docente</strong> da Universidade de Praga.	livre-docente	um	um	é	tem						
livro aberto	livro	aberto	livro	aberto	NA	S	M	no	no	1120			NC	Quem adora desta forma nada tem a esconder, sua vida é um <strong>livro aberto</strong>.	Você é simplesmente um <strong>livro aberto</strong>, contando ao mundo a respeito de seu autor.	Porque eu posso ser um <strong>livro aberto</strong> - mas algumas páginas estão e continuarão coladas, hehehe.	livro aberto	um	um	é	tem	XX					
longa data	data	longa	data	longo	AN	S	F	no	no	10672			NC	Todos vocês me conhecem de <strong>longa data</strong>.	Essa colaboração de <strong>longa data</strong> também ajuda.	Não é que fôssemos amigos de <strong>longa data</strong>.	longo data	uma	uma	é	tem	XX					
longa-metragem	metragem	longa	metragem	longo	AN	S	F	no	yes	721			NC	O <strong>longa-metragem</strong> tem Isabella Rossellini no elenco.	O <strong>longa-metragem</strong> mudo francês quebrou diversos paradigmas.	Seus documentários de <strong>longa-metragem</strong> alcançaram grande sucesso.	longa-metragem	uma	uma	é	tem						
lua cheia	lua	cheia	lua	cheio	NA	S	F	no	no	231			C	Este ano de <strong>luas cheias</strong> é muito apropriadamente chamado!	O seguimento das estrelas permitiu-lhes reconhecer e antecipar eventos tais como eclipses e <strong>luas cheias</strong>.	Todas as <strong>luas cheias</strong>, possuem diferentes auréolas, a branca é simbólica da magia branca, a dourada trás prosperidade.	lua cheio	uma	uma	é	tem	https://pt.wiktionary.org/wiki/lua_cheia					
lua nova	lua	nova	lua	novo	NA	S	F	no	no	1418			C	Levantem-se pois agora e te salvem os astrólogos, que nas <strong>luas novas</strong> prognosticam o que há de vir sobre ti.	Período de maior intensidade: época das chuvas, nos meses de janeiro a maio e no mês de setembro, durante as <strong>luas nova</strong> e cheia.	Para muitos povos antigos, um novo mês era anunciado na passagem da <strong>lua nova</strong> para a lua crescente.	lua novo	uma	uma	é	tem	https://pt.wiktionary.org/wiki/lua_nova					
lugar-comum	lugar	comum	lugar	comum	NA	S	M	no	yes	5270			NC	Cheias de <strong>lugares-comuns</strong> e banalidades;	Clichê, chavão, <strong>lugar-comum</strong>.	Metodologias de desenvolvimento ágil e scrum são agora <strong>lugar-comum</strong>.	lugar comum	um	um	é	tem	http://www.priberam.pt/dlpo/lugar-comum					
má-fé	fé	má	fé	mau	AN	S	F	no	yes	19758			NC	Há uma tremenda <strong>má-fé</strong> no que escreveu o fantasioso Will Durant.	Para o juiz, o consumidor agiu de <strong>má-fé</strong>.	Não sei se ele age assim por ignorância ou <strong>má-fé</strong>.	má fé	uma	uma	é	tem	http://www.priberam.pt/dlpo/m%C3%A1%20f%C3%A9					
magia negra	magia	negra	magia	negro	NA	S	F	no	no	6286			PC	E envolveu-se com satanismo e <strong>magia negra</strong>.	Candomblé pensam logo em <strong>magia negra</strong>, ou macumba.	O que faço para me proteger de <strong>magias negras</strong> e mau olhado?	magia negro	uma	uma	é	tem	https://pt.wiktionary.org/wiki/magia_negra					
mão-fechada	mão	fechada	mão	fechado	NA	S	F	no	yes	1040			NC	No jargão popular, um "rei da sovinice", um verdadeiro "<strong>mão fechada</strong>".	A questão não é ser <strong>mão fechada</strong>, mas acho que compensa mais você comprar um livro por um preço bacana e gastar o resto da grana com outra coisa.	Mas o time podre de rico, com caixa gordo e <strong>mão fechada</strong>, como a Alemanha, anseia por novos mercados sem restrições para suas exportações.	mão fechado	uma	um	é	tem	http://www.priberam.pt/dlpo/m%C3%A3o-fechada					
máquina virtual	máquina	virtual	máquina	virtual	NA	S	F	no	no	142			C	Feito isso, sua nova <strong>máquina virtual</strong> estará pronta para receber o Windows 8.	Os bytecodes são interpretados pela <strong>máquina virtual</strong> Java.	Para não deixar a <strong>máquina virtual</strong> muito lenta, é aconselhado utilizar metade da memória disponível.	máquina virtual	uma	uma	é	tem	https://pt.wikipedia.org/wiki/M%C3%A1quina_virtual					
mar aberto	mar	aberto	mar	aberto	NA	S	M	no	no	573			PC	Alcançada a ponta de Santo Antonio, saíram a <strong>mar aberto</strong>.	Ele condena a turma a nadar em <strong>mar aberto</strong>.	As espécies de <strong>mar aberto</strong> têm por princípio a natação contínua.	mar aberto	um	um	é	tem	https://pt.wikipedia.org/wiki/Mar_aberto					
maré alta	maré	alta	maré	alto	NA	S	F	no	no	46			C	Em dias de <strong>maré alta</strong>, delas é possível apreciar as ondas que parecem invadir o ambiente.	Seu volume também o condiciona a uma oscilação muito maior de suas águas quando dos intervalos entre <strong>maré alta</strong> a maré baixa.	Em certas áreas litorâneas, como algumas ilhas do Pacífico, isso significou um avanço de 100 metros na <strong>maré alta</strong>.	maré alta	uma	uma	é	tem	http://www.priberam.pt/dlpo/mar%C3%A9%20alta					
maré baixa	maré	baixa	maré	baixo	NA	S	F	no	no	68			C	O adolescente perdeu a vida por meio de um mergulho na <strong>maré baixa</strong>.	Apresenta grandes raízes aéreas que ficam expostas durante a <strong>maré baixa</strong>.	Possui águas agitadas e mornas formando piscinas naturais na <strong>maré baixa</strong>.	maré baixa	uma	uma	é	tem	http://www.priberam.pt/dlpo/mar%C3%A9%20baixa					
massa cinzenta	massa	cinzenta	massa	cinzento	NA	S	F	no	no	1404			NC	Estudos mostram aumento de <strong>massa cinzenta</strong> e branca em cérebros de adultos mais velhos.	E perceberam um aumento na <strong>massa cinzenta</strong> daqueles que praticavam esportes.	Uma das áreas que não nascem prontas é a parte superior da <strong>massa cinzenta</strong>, composta pelo neocórtex.	massa cinzenta	uma	uma	é	tem	https://pt.wiktionary.org/wiki/massa#Express.C3.B5es					
mau contato	contato	mau	contato	mau	AN	S	M	no	no	24			PC	Vi que o fio do seu carregador está com <strong>mau contato</strong>.	Os aparelhos podem pegar fogo se submetidos a <strong>mau contato</strong> ou curto circuito.	Verificar se há aquecimento nos fios ou <strong>mau contato</strong>, que causam fuga de energia.	mau contato	um	um	é	tem	XX					
mau-humor	humor	mau	humor	mau	AN	S	M	yes	yes	375			C	<strong>Mau humor</strong>, preguiça, desânimo.	Afaste de mim todo <strong>mau humor</strong> e amargura.	Seriedade não é cara feia e <strong>mau humor</strong>.	mau-humor	um	um	é	tem						
mau-olhado	olhado	mau	olhado	mau	AN	S	M	no	yes	1538			NC	Esquecer o olho grande e o <strong>mau olhado</strong> em volta.	Protege dos maus espíritos e do <strong>mau olhado</strong>.	Ela é também usada como amuleto para proteger do <strong>mau olhado</strong>.	mau olhado	um	um	é	tem	https://pt.wiktionary.org/wiki/mau-olhado					
mercado negro	mercado	negro	mercado	negro	NA	S	M	no	no	2682			PC	Proliferou o <strong>mercado negro</strong> e incentivou-se o processo inflacionário.	Sua aquisição se faz via <strong>mercado negro</strong> ou por meio de receita especial.	As atividades do <strong>mercado negro</strong> exigem o cometimento de outros crimes.	mercado negro	um	um	é	tem	http://www.priberam.pt/dlpo/mercado%20negro					
mesa-redonda	mesa	redonda	mesa	redondo	NA	S	F	no	yes	1009			NC	Uma <strong>mesa redonda</strong> diferente, mais dinâmica e com convidados especiais.	Em seguida haverá <strong>mesa redonda</strong>, palestras e debates com o secretário de direitos humanos Fernando Matos.	Capacitação gratuita diversas palestras, <strong>mesas redondas</strong> e conversas com especialistas estão sendo preparadas.	mesa redondo	uma	uma	é	tem	http://www.priberam.pt/dlpo/mesa-redonda					
montanha-russa	montanha	russa	montanha	russo	NA	S	F	no	yes	891			NC	Cada <strong>montanha russa</strong> é mais emocionante do que a outra!	As crianças deliciavam-se durante tardes inteiras, com seu brinquedo favorito: uma <strong>montanha russa</strong>  em forma de dinossauro! 	As <strong>montanhas russas</strong> também são um dos atrativos de este parque.	montanha russo	uma	uma	é	tem	https://pt.wiktionary.org/wiki/montanha-russa					
navio negreiro	navio	negreiro	navio	negreiro	NA	S	M	no	no	1024			C	Acredita-se que tenham vindo da África em <strong>navios negreiros</strong>.	Derrotada, foi levada como escrava para um <strong>navio negreiro</strong> e desembarcada em Recife.	Esta lei permitia aos navios britânicos apreender <strong>navios negreiros</strong> que cruzassem o Atlântico.	navio negreiro	um	um	é	tem	https://pt.wiktionary.org/wiki/navio#Express.C3.B5es					
nó cego	nó	cego	nó	cego	NA	S	M	no	no	28			PC	Há muitos <strong>nós cegos</strong> que têm de ser desatados e não podem ser abruptamente cortados em pedaços.	A minha tese é a de que o pragmatismo político do ex-presidente lula colocou a quase totalidade dos partidos brasileiros em uma sacola e deu um <strong>nó cego</strong>.	Eu tinha o coração mais apertado que um <strong>nó cego</strong>.	nó cego	um	um	é	tem	http://www.priberam.pt/dlpo/n%C3%B3%20cego					
novo mundo	mundo	novo	mundo	novo	AN	S	M	no	no	51939			NC	Lentamente estamos construindo um <strong>novo mundo</strong>.	O ensino fundamental é um <strong>novo mundo</strong>.	Comece a construir este <strong>novo mundo</strong> em seu coração.	novo mundo	um	um	é	tem	https://pt.wiktionary.org/wiki/Novo_Mundo					
novo-rico	rico	novo	rico	novo	AN	S	M	no	yes	1008			PC	Os <strong>novos ricos</strong> precisam despejar dinheiro, pois não têm tradição.	Perdemos a humildade e ganhámos a ganância dos <strong>novos ricos</strong>.	Os <strong>novos ricos</strong>, emergentes, ex-pobres, escolhem religiões novas, recém-fundadas.	novo rico	um	um	é	tem	https://pt.wiktionary.org/wiki/novo-rico					
núcleo atômico	núcleo	atômico	núcleo	atômico	NA	S	M	no	no	117			C	As forças nucleares mantém os núcleos (protons e neutrons) unidos no <strong>núcleo atômico</strong>.	É proibido manipular <strong>núcleos atómicos</strong>, assim como realizar fissão e fusão nuclear.	Em estado de repouso, essas partículas têm massa e formam os átomos e os <strong>núcleos atômicos</strong>.	núcleo atômico	um	um	é	tem						
olho gordo	olho	gordo	olho	gordo	NA	S	M	no	no	374			NC	Eles também querem ser amados e terem amigos sinceros sem <strong>olho gordo</strong> em suas fortunas materiais.	O nome turco do amuleto que protege contra o mau olhado e <strong>olho gordo</strong> é Nazar Boncuk.	Eles são usados para espantar o mau olhado, ou o " <strong>olho gordo</strong>", como alguns preferem dizer.	olho gordo	um	um	é	tem	https://pt.wiktionary.org/wiki/olho_gordo					
olho mágico	olho	mágico	olho	mágico	NA	S	M	no	no	70			NC	Espero você tocar a campainha olhando o escuro pelo <strong>olho mágico</strong>.	Quem atendeu a porta fui eu, ao ver o rosto do zelador no <strong>olho mágico</strong>.	Dificulte a ação dos infratores, se possível instale grades nas janelas, <strong>olho mágico</strong> e trancas nas portas	olho mágico	um	um	é	tem	https://pt.wiktionary.org/wiki/olho#Express.C3.B5es					
olho nu	olho	nu	olho	nu	NA	S	M	no	no	108			PC	Ilusionismo: pode gerar imagens imperceptíveis ao <strong>olho nu</strong>.	Escondidas no interior do metal, ficam invisíveis ao <strong>olho nu</strong>.	Ele acha que as mulheres sempre estão reclamando, mesmo com prosperidade a <strong>olhos nus</strong>.	olho nu	um	um	é	tem	https://pt.wiktionary.org/wiki/olho#Express.C3.B5es					
ônibus executivo	ônibus	executivo	ônibus	executivo	NA	S	M	no	no	23			C	Viagens em <strong>ônibus executivos</strong> estão orçadas em R$ 60.	Uma solução interessante são as "lotações", que é como eles chamam os <strong>ônibus executivos</strong>.	Tem <strong>ônibus executivo</strong>, táxi, carona de amigo a questão é o quanto você quer, ou pode, gastar.	ônibus executivo	um	um	é	tem	XX					
ovelha negra	ovelha	negra	ovelha	negro	NA	S	F	no	no	498			NC	Ele sempre foi o que você poderia chamar de <strong>ovelha negra</strong> da família.	Já Eduardo Cunha deve sair do processo como a <strong>ovelha negra</strong> do partido.	É claro que ela era a <strong>ovelha negra</strong> da família, muito diferente de todos os demais.	ovelha negra	uma	uma	é	tem	https://pt.wiktionary.org/wiki/ovelha_negra					
pão-duro	pão	duro	pão	duro	NA	S	M	no	yes	785			NC	Era um <strong>pão duro</strong>, um avarento.	O <strong>pão duro</strong> quer que seu cão seja tratado de graça.	Mas o <strong>pão duro</strong> não consegue pagar e recebe uma carta de cobrança.	pão duro	um	um	é	tem	https://pt.wiktionary.org/wiki/p%C3%A3o-duro					
papel higiênico	papel	higiênico	papel	higiênico	NA	S	M	no	no	3135			C	Forneciam sabonete, toalha e <strong>papel higiênico</strong>.	Coloque assentos nos vasos-sanitários, sabonete líquido, papel toalha individual e  <strong>papel higiênico</strong>  nos sanitários masculino e feminino dos alunos.	Pegue um pedaço de papel toalha ou  <strong>papel higiênico</strong>, embeba em álcool e passe sobre a placa; vá passando o papel até que não saia mais fuligem.	papel higiênico	um	um	é	tem	https://pt.wiktionary.org/wiki/papel_higi%C3%AAnico					
paraíso fiscal	paraíso	fiscal	paraíso	fiscal	NA	S	M	yes	no				PC	Como se os seus donos tivessem embolsado os ganhos e mandado para algum <strong>paraíso fiscal</strong>.	A ilha de Jersey é considerada um <strong>paraíso fiscal</strong>.	A empresa também é suspeita de manter contas em <strong>paraísos fiscais</strong> através da M-Cor Holding.	paraíso fiscal	um	um	é	tem						
pastor alemão	pastor	alemão	pastor	alemão	NA	S	M	no	no	593			NC	Pit Bulls, Rottweilers e <strong>pastores alemães</strong> também apresentam maior incidência de displasia coxo-femural.	Quando voltou aos Estados Unidos, ele trouxe um <strong>pastor alemão</strong> chamado Buddy.	As raças analisadas são, entre outras, o Golden Retriever e o <strong>pastor alemão</strong> para o câncer.	pastor alemão	um	um	é	tem	https://pt.wiktionary.org/wiki/pastor_alem%C3%A3o					
pau-mandado	pau	mandado	pau	mandado	NA	S	M	no	yes	463			NC	Este <strong>pau mandado</strong> dos poderosos da Europa, este borra-botas pensa que já o esquecemos?	Como um bom <strong>pau mandado</strong>, ele entregou as imensas riquezas de mineração e petróleo congolesas a corporações multinacionais.	A cidade não precisa de um <strong>pau mandado</strong> dos governos federal ou estadual para se sentir segura em esse processo.	pau mandado	um	um	é	tem	https://pt.wiktionary.org/wiki/pau-mandado					
pavio curto	pavio	curto	pavio	curto	NA	S	M	no	no	264			NC	É conhecido por seu <strong>pavio curto</strong> e comportamento agressivo.	De <strong>pavio curto</strong>, admitiu que não tinha talento para obedecer ordens.	É <strong>pavio curto</strong>, não tolera irreverências, coisas que acha fora de padrão.	pavio curto	um	um	é	tem	XX					
pé quente	pé	quente	pé	quente	NA	S	M	no	no	417			NC	Espero confirmar lá no final do campeonato esta fama de <strong>pé quente</strong>.	O <strong>pé quente</strong> Cláudio Assis é, no Brasil, um recordista de prêmios.	Sou <strong>pé quente</strong> e gosto de vestir a camisa do time em que estou jogando.	pé quente	um	um	é	tem	https://pt.wiktionary.org/wiki/p%C3%A9_quente					
pé-direito	pé	direito	pé	direito	NA	S	M	no	yes	4356			NC	Considera-se <strong>pé direito</strong> a altura compreendida entre o piso e o forro acabados.	Tijolos aparentes, <strong>pé direito</strong> alto e decoração moderna e bonitinha.	Todos os ambientes terão <strong>pé direito</strong> duplo.	pé direito	um	um	é	tem	https://pt.wiktionary.org/wiki/p%C3%A9-direito					
pé-frio	pé	frio	pé	frio	NA	S	M	no	yes	567			NC	<strong>Pé frio</strong> é pouco para definir certos graus de azar inexplicáveis.	Após perder duas copas do mundo no comando da seleção brasileira de futebol, amargou por muito tempo a fama de <strong>pé frio</strong>.	Ganhou até uma fama de "<strong>pé frio</strong>", por ter alguns rebaixamentos em seu currículo obviamente, folclore.	pé frio	um	um	é	tem	http://www.priberam.pt/dlpo/p%C3%A9-frio					
pente fino	pente	fino	pente	fino	NA	S	M	no	no	2831			NC	Nós agora temos que fazer uma operação <strong>pente fino</strong>.	Após um <strong>pente fino</strong>, a CGU apurou que a licitação para oito rotas foi forjada.	A Nature usa o método de amostragem, escolhendo um trabalho por edição para o <strong>pente fino</strong>.	pente fino	um	um	é	tem	XX					
peso morto	peso	morto	peso	morto	NA	S	M	no	no	978			NC	Mas além do <strong>peso morto</strong> eles geram outro desperdício.	Uma entidade, a paróquia, parecia ter se tornado um <strong>peso morto</strong> e inútil.	Muitos fracassam na vida e se tornam <strong>pesos mortos</strong>, porque não se dão conta de isso.	peso morto	um	um	é	tem	https://pt.wiktionary.org/wiki/peso_morto					
planta baixa	planta	baixa	planta	baixo	NA	S	F	no	no	225			PC	Finalizaremos a <strong>planta baixa</strong> do pavimento inferior.	Exercício: desenhar a <strong>planta baixa</strong> da figura abaixo na escala de 1:50.	Por-que não faz a <strong>planta baixa</strong> de seu espaço de trabalho e projeta da forma que lhe for mais confortável?	planta baixo	uma	uma	é	tem	https://pt.wikipedia.org/wiki/Planta_baixa					
poção mágica	poção	mágica	poção	mágico	NA	S	F	no	no	178			C	Para ser feliz não existe <strong>poção mágica</strong>.	De manhã, beba em jejum essa magnífica <strong>poção mágica</strong> de força e bem-estar.	Ela usou uma <strong>poção mágica</strong> para transportá-lo, enquanto ele dormia.	poção mágico	uma	uma	é	tem	XX					
pólo-aquático	pólo	aquático	pólo	aquático	NA	S	M	no	yes	54			C	Filho de brasileiros, ele foi vice-campeão olímpico de <strong>polo aquático</strong> pelos Estados Unidos em Pequim.	O <strong>pólo aquático</strong> também faz parte do quadro de desportos dos jogos olímpicos.	Os atletas amadores preferem utilizar o lago para natação ou um jogo de <strong>pólo aquático</strong>.	pólo-aquático	<!--x-->	<!--x-->	é	tem	http://www.priberam.pt/dlpo/p%C3%B3lo-aqu%C3%A1tico					
ponto cego	ponto	cego	ponto	cego	NA	S	M	no	no	3337			PC	Estes aparelhos simulam o movimento natural das ondas permitindo evitar <strong>pontos cegos</strong>.	Já no trânsito, a precariedade visual provoca excesso de <strong>pontos cegos</strong>.	Cabe então nos perguntarmos: quais são os <strong>pontos cegos</strong> da nossa ciência de hoje?	ponto cego	um	um	é	tem	XX					
ponto forte	ponto	forte	ponto	forte	NA	S	M	yes	no	7377			C	Quais são seus <strong>pontos fortes</strong>?	Ambas tem <strong>pontos fortes</strong> e fracos.	Todos nós temos <strong>pontos fortes</strong> e fragilidades.	ponto forte	um	um	é	tem	XX					
ponto fraco	ponto	fraco	ponto	fraco	NA	S	M	no	no	8489			C	O projeto era simétrico, sem <strong>pontos fracos</strong>.	E para reconhecer <strong>pontos fracos</strong> é necessário muita maturidade.	Descubra o que seus clientes valorizam e quais são seus <strong>pontos fracos</strong>.	ponto fraco	um	um	é	tem	https://pt.wiktionary.org/wiki/fraco#Substantivo					
prato feito	prato	feito	prato	feito	NA	S	M	no	no	728			PC	Escolhemos o <strong>prato feito</strong> por R$ 15,00.	Se você for comer na rua o prato típico é o Tali, que em Hindi quer dizer <strong>prato feito</strong>.	Só tinha um cara, que eu saquei que devia ser o zelador, comendo um <strong>prato feito</strong>, sentado perto de uma das janelas.	prato feito	um	um	é	tem	https://pt.wiktionary.org/wiki/prato_feito					
primeira infância	infância	primeira	infância	primeiro	AN	S	F	no	no	1526			PC	Isso se desenvolve desde a <strong>primeira infância</strong>.	Da minha <strong>primeira infância</strong> só tenho lembranças felizes.	Apavorei-me com o tema: diversidade sexual na <strong>primeira infância</strong>.	primeiro infância	uma	uma	é	tem	https://pt.wiktionary.org/wiki/inf%C3%A2ncia#Express.C3.B5es					
primeira mão	mão	primeira	mão	primeiro	AN	S	F	no	no	126			NC	Lembram que este blog deu em <strong>primeira mão</strong> que a Procuradoria Geral da República tinha publicado um site explicando o Mensalão para as crianças?	Encerrada a ligação, me dei conta de que tinha informações extraordinárias, obtidas de uma testemunha de <strong>primeira mão</strong>.	Matilde tinha caído depois que o Coturno Noturno denunciou, em <strong>primeira mão</strong>, as suas compras no Duty Free com dinheiro público.	primeiro mão	uma	uma	é	tem	https://pt.wiktionary.org/wiki/m%C3%A3o#Express.C3.B5es					
primeira necessidade	necessidade	primeira	necessidade	primeiro	AN	S	F	no	no	663			PC	Na ordem de prioridade dos usos da água, essa é a <strong>primeira necessidade</strong> a ser atendida.	Os proprietários dos imóveis poderão usar das águas do aqueduto para as <strong>primeiras necessidades</strong> da vida.	O possuidor do imóvel superior não poderá poluir as águas indispensáveis às <strong>primeiras necessidades</strong> da vida dos possuidores dos imóveis inferiores.	primeiro necessidade	uma	uma	é	tem	https://pt.wiktionary.org/wiki/necessidade#Express.C3.B5es					
primeira-dama	dama	primeira	dama	primeiro	AN	S	F	no	yes	2644			NC	Foram padrinhos o prefeito e a <strong>primeira dama</strong> de Patrocínio Paulista.	Jorginho conta que Luviana é uma <strong>primeira dama</strong> com jeito de primeira ministra.	Siqueira deve viajar o nordeste em companhia da <strong>primeira dama</strong>...	primeiro dama	uma	uma	é	tem	https://pt.wiktionary.org/wiki/primeira-dama					
primeiro ministro	ministro	primeiro	ministro	primeiro	AN	S	M	no	no	75449			PC	Sócrates foi um péssimo <strong>primeiro ministro</strong>?	Considere-se o <strong>primeiro ministro</strong> britânico David Cameron.	Tancredo Neves abriu a lista de <strong>primeiros ministros</strong>.	primeiro ministro	um	um	é	tem	https://pt.wiktionary.org/wiki/primeiro-ministro					
primeiro plano	plano	primeiro	plano	primeiro	AN	S	M	no	no	6294			NC	Um <strong>primeiro plano</strong> mostra a tensão de seu semblante.	Eu realmente consigo trazer a emoção para o <strong>primeiro plano</strong>.	O sentido da sua vida ficou em <strong>primeiro plano</strong>.	primeiro plano	um	um	é	tem	XX					
príncipe encantado	príncipe	encantado	príncipe	encantado	NA	S	M	no	no	730			PC	Elas ainda são criadas para acreditar no <strong>príncipe encantado</strong>.	Eu nunca esperei um <strong>príncipe encantado</strong> pelo contrário, sempre achei os sapos mais interessantes!	As moças assistiam ao filme Sissi a imperatriz e sonhavam com o <strong>príncipe encantado</strong>.	príncipe encantado	um	um	é	tem	XX					
processo seletivo	processo	seletivo	processo	seletivo	NA	S	M	no	no	5441			C	<strong>Processo seletivo</strong> inclui entrevista pessoal.	As inscrições para o <strong>processo seletivo</strong> são gratuitas.	Será publicado edital com informações sobre o <strong>processo seletivo</strong>.	processo seletivo	um	um	é	tem	https://pt.wikipedia.org/wiki/processo_seletivo					
pronto-socorro	socorro	pronto	socorro	pronto	AN	S	M	no	yes	2546			PC	Há crianças que chegam esqueléticas ao <strong>pronto-socorro</strong>.	A explosão acabou com 18 hospitais e 32 postos de <strong>pronto-socorro</strong>.	Além disso, diariamente pessoas chegam no <strong>pronto-socorro</strong> com ferimentos de bala.	pronto socorro	um	um	é	tem	http://www.priberam.pt/dlpo/pronto-socorro					
puro-sangue	sangue	puro	sangue	puro	AN	S	M	no	yes	5222			NC	A paixão é como um legítimo cavalo <strong>puro sangue</strong>.	Que fazer se os outros cavalos grandes e <strong>puros sangue</strong> tinham toda a prioridade?	Acredita-se que seja o antecessor do cavalo árabe e de outros <strong>puros sangues</strong>.	puro sangue	<!--x-->	<!--x-->	é	tem	http://www.priberam.pt/dlpo/puro-sangue					
quadro-negro	quadro	negro	quadro	negro	NA	S	M	no	yes	743			PC	O primeiro cardápio da rede era escrito em um <strong>quadro negro</strong>.	Quando muito diríamos que só são entes de giz no <strong>quadro negro</strong>.	Mário taca um giz em Suzana, enquanto ela escreve no <strong>quadro negro</strong>.	quadro negro	um	um	é	tem	https://pt.wiktionary.org/wiki/quadro-negro					
queda livre	queda	livre	queda	livre	NA	S	F	yes	no	861			C	De facto o PIB grego permaneceu em uma <strong>queda livre</strong> ininterrupta.	Jovens curtindo a adrenalina da <strong>queda livre</strong> em direção ao abismo.	Mesmo o preço no mercado europeu tem estado em <strong>queda livre</strong>!	queda livre	uma	uma	é	tem	https://pt.wikipedia.org/wiki/Queda_livre					
quinta categoria	categoria	quinta	categoria	quinto	AN	S	F	no	no	3277			NC	Somos um carro novo rodando a todo vapor com combustível de <strong>quinta categoria</strong>.	Acabou o capítulo de "Amor e Revolução", um folhetim de <strong>quinta categoria</strong>.	Espetáculo de <strong>quinta categoria</strong> com produção onerosa para o bolso do contribuinte.	quinto categoria	uma	uma	é	tem	XX					
rede social	rede	social	rede	social	NA	S	F	yes	no	125533			C	Veja as <strong>redes sociais</strong> como Facebook.	O Twitter não é uma <strong>rede social</strong>.	As <strong>redes sociais</strong> são os sites mais acessados.	rede social	uma	uma	é	tem	https://pt.wiktionary.org/wiki/rede#Express.C3.B5es					
regime político	regime	político	regime	político	NA	S	M	no	no	485			C	A democracia é o seu <strong>regime político</strong>.	O absolutismo foi abolido em favor do <strong>regime político</strong> liberal.	Os gregos distinguiam três <strong>regimes políticos</strong>: monarquia, aristocracia e democracia.	regime político	um	um	é	tem						
relógio analógico	relógio	analógico	relógio	analógico	NA	S	M	no	no	8			C	Vem com formas coloridas e <strong>relógio analógico</strong>.	A leitura de um <strong>relógio analógica</strong> em ângulo muda de acordo com a posição de quem lê.	Engastes de alumínio escovado nas portas e volante dão uma dose extra de requinte ao interior do modelo, assim como o generoso <strong>relógio analógico</strong> no centro do console.	relógio analógico	um	um	é	tem						
relógio biológico	relógio	biológico	relógio	biológico	NA	S	M	no	no	1301			C	O <strong>relógio biológico</strong> responde melhor se habituado a horários regulares.	O DNA mitocondrial funciona, assim, como um verdadeiro <strong>relógio biológico</strong>.	A melatonina é a chave que controla o <strong>relógio biológico</strong> do ser humano.	relógio biológico	um	um	é	tem	https://pt.wiktionary.org/wiki/biol%C3%B3gico#Express.C3.B5es					
reta final	reta	final	reta	final	NA	S	F	no	no	8727			NC	Estávamos na <strong>reta final</strong> de provas.	Foram nove partidas sem derrota na <strong>reta final</strong>.	Isto tudo às vésperas da <strong>reta final</strong> da competição.	reta final	uma	uma	é	tem	XX					
roda gigante	roda	gigante	roda	gigante	NA	S	F	yes	no	899			NC	São <strong>rodas gigante</strong>, trens de ferro, carrosséis.	A mais nova <strong>roda gigante</strong> de Londres provou ser um sucesso imediato.	A London Eye entrou para o Guinness, como a maior <strong>roda gigante</strong> do mundo.	roda gigante	uma	uma	é	tem	https://pt.wiktionary.org/wiki/roda_gigante					
roleta russa	roleta	russa	roleta	russo	NA	S	F	no	no	494			NC	De rejeição as eleições em São Paulo viraram uma espécie de <strong>roleta russa</strong>.	É uma <strong>roleta russa</strong> com todas as balas no revólver, feita pelos partidos.	São duas horas de risadas, choros, nervosismo e uma <strong>roleta russa</strong> de emoções e sentimentos.	roleta russo	uma	uma	é	tem	https://pt.wikipedia.org/wiki/Roleta_russa					
saia justa	saia	justa	saia	justo	NA	S	F	no	no	1563			NC	Que <strong>saia justa</strong>, muito constrangida tive que recusar.	Agora, está em uma tremenda <strong>saia justa</strong> para julgar os demais casos.	De essa vez, o presidente norte-americano foi alvo de diversas insatisfações e <strong>saias justas</strong>.	saia justo	uma	uma	é	tem	https://pt.wiktionary.org/wiki/saia#Express.C3.B5es					
sala cirúrgica	sala	cirúrgica	sala	cirúrgico	NA	S	F	no	no	37			C	Em essas instituições, leitos e <strong>salas cirúrgicas</strong> estão subutilizados.	Os primeiros estudantes da faculdade de medicina estagiaram em seus ambulatórios e <strong>salas cirúrgicas</strong>.	Serão 100 novos leitos, 10 <strong>salas cirúrgicas</strong>, 10 CTIs e mais espaço para hemodiálise eletiva.	sala cirúrgico	uma	uma	é	tem	https://pt.wikipedia.org/wiki/Sala_de_cirurgia					
salão paroquial	salão	paroquial	salão	paroquial	NA	S	M	no	no	98			C	Os <strong>salões paroquiais</strong> são importantes centros de decisão informal.	Lá íamos nós para os <strong>salões paroquiais</strong>, as igrejas, os clubes.	Este prédio, que é o <strong>salão paroquial</strong> foi idealizado pelo padre Edir, já falecido.	salão paroquial	um	um	é	tem	XX					
sangue azul	sangue	azul	sangue	azul	NA	S	M	yes	no	585			NC	Pelo menos no marketing, Sir Richard Branson tem <strong>sangue azul</strong>: ele é o rei do marketing.	Ainda mais curioso, Washington não fora o único presidente americano a ter <strong>sangue azul</strong>.	É o espírito nobre das pessoas, o chamado "<strong>sangue azul</strong>", o poder de liderança.	sangue azul	<!--x-->	<!--x-->	é	tem	https://pt.wiktionary.org/wiki/sangue_azul					
sangue frio	sangue	frio	sangue	frio	NA	S	M	no	no	6577			NC	Assassinado em estilo de execução a <strong>sangue frio</strong>.	O assassinato de 11 deputados colombianos a <strong>sangue frio</strong>!	Carminha não mataria a <strong>sangue frio</strong> o homem que amava.	sangue frio	<!--x-->	<!--x-->	é	tem	https://pt.wiktionary.org/wiki/sangue#Express.C3.B5es					
sangue quente	sangue	quente	sangue	quente	NA	S	M	yes	no	578			NC	Sim, ele tem o <strong>sangue quente</strong> espanhol!	A hispânia é um local cheio de pessoas de <strong>sangue quente</strong> e turistas.	Não, tem de reclamar agora, com o <strong>sangue quente</strong> mesmo, isso é um absurdo!	sangue quente	<!--x-->	<!--x-->	é	tem	https://pt.wiktionary.org/wiki/sangue#Express.C3.B5es					
secretária eletrônica	secretária	eletrônica	secretário	eletrônico	NA	S	F	no	no	256			PC	Não há emails na caixa de entrada, não há recados na <strong>secretária eletrônica</strong> e mesmo assim, você entende a mensagem.	Finja ser uma <strong>secretária eletrônica</strong>, do pior jeito que você conseguir para ele perceber que está falando com um louco.	Ser breve, não abusar das ligações pessoais e responder às mensagens na <strong>secretária eletrônica</strong> no prazo máximo de 24 horas	secretária eletrônica	uma	uma	é	tem	https://pt.wiktionary.org/wiki/secret%C3%A1ria_eletr%C3%B4nica					
segundas intenções	intenções	segundas	intenção	segundo	AN	P	F	no	no	1822			NC	Não tem malícia e muito menos <strong>segundas intenções</strong>.	Ele manda uma cartinha meio sacana, cheia de <strong>segundas intenções</strong>.	Padre com má-fé e com <strong>segundas intenções</strong> é duro de engolir.	segundo intenção	<!--x-->	<!--x-->	são	têm	http://www.priberam.pt/dlpo/segundas%20inten%C3%A7%C3%B5es					
segundo plano	plano	segundo	plano	segundo	AN	S	M	no	no	14972			NC	Para Júlio, tudo o mais estava em <strong>segundo plano</strong>.	A obediência está sendo relegada a <strong>segundo plano</strong>.	Os aspectos táticos e técnicos ficaram em <strong>segundo plano</strong>.	segundo plano	um	um	é	tem	https://pt.wiktionary.org/wiki/plano#Express.C3.B5es					
sentença judicial	sentença	judicial	sentença	judicial	NA	S	F	yes	no	150			C	Em 2004 saiu uma <strong>sentença judicial</strong> favorável aos moradores.	A indenização deverá ser determinada por <strong>sentença judicial</strong>.	O valor inclui vencimentos, encargos sociais e pagamentos de <strong>sentenças judiciais</strong>.	sentença judicial	uma	uma	é	tem						
sétima arte	arte	sétima	arte	sétimo	AN	S	F	no	no	1078			PC	Devo sem dúvida a essa precocidade cinéfila minha paixão pela <strong>sétima arte</strong>.	Como já disseram, o filme não é o supra sumo da <strong>sétima arte</strong>.	Esta cena é reverenciada hoje como um dos grandes momentos da <strong>sétima arte</strong>.	sétimo arte	uma	a	é	tem	https://pt.wiktionary.org/wiki/s%C3%A9tima_arte					
sexto sentido	sentido	sexto	sentido	sexto	AN	S	M	no	no	765			NC	Foi um dia pesaroso, um <strong>sexto sentido</strong> me alertava que uma coisa ruim puxa outra.	O <strong>sexto sentido</strong> é a percepção do outro energicamente.	E através da intuição, desenvolvendo o <strong>sexto sentido</strong> e a plenitude do amor e da compaixão.	sexto sentido	um	um	é	tem	http://www.priberam.pt/dlpo/sexto%20sentido					
sinal verde	sinal	verde	sinal	verde	NA	S	M	yes	no	2229			NC	Agora, basta o <strong>sinal verde</strong> da prefeitura em questão.	Rony deu <strong>sinal verde</strong> para o combate.	Em seguida, a justiça francesa dá <strong>sinal verde</strong> para a extradição.	sinal verde	um	um	é	tem	https://pt.wiktionary.org/wiki/sinal#Express.C3.B5es					
sistema político	sistema	político	sistema	político	NA	S	M	no	no	1436			C	E um <strong>sistema político</strong> corrupto e clientelista.	É de todos os partidos do <strong>sistema político</strong> brasileiro.	O franquismo foi um <strong>sistema político</strong> repressivo e autoritário.	sistema político	um	um	é	tem						
tapete vermelho	tapete	vermelho	tapete	vermelho	NA	S	M	no	no	2078			NC	Claro que eles arrasaram no <strong>tapete vermelho</strong>.	Além disso, Daniel Cardoso fará as entrevistas direto do <strong>tapete vermelho</strong>.	O canal TNT também está transmitindo direto do <strong>tapete vermelho</strong>.	tapete vermelho	um	um	é	tem	https://pt.wikipedia.org/wiki/Tapete_vermelho					
tartaruga-marinha	tartaruga	marinha	tartaruga	marinho	NA	S	F	no	yes	17			C	Conhecer as características principais da <strong>tartaruga marinha</strong> e da baleia jubarte.	Continuação da aventura da <strong>tartaruga marinha</strong> Sammy, que é capturada por humanos e levada para um aquário submarino.	Os ambientalistas optaram por realizar passeatas multicoloridas, vestidos de <strong>tartaruga marinha</strong>.	tartaruga-marinha	uma	uma	é	tem						
tela plana	tela	plana	tela	plano	NA	S	F	no	no	57			C	Há moradores de favela com três televisores de <strong>tela plana</strong>.	Novos monitores de <strong>tela plana</strong> foram usados, usando menos espaço e deixando a ponte com um visual mais limpo.	Hoje ela tem tv de <strong>tela plana</strong>, dvd e máquina de lavar roupas.	tela plana	uma	uma	é	tem						
tempo real	tempo	real	tempo	real	NA	S	M	yes	no	30381			C	Acompanhe as projeções em <strong>tempo real</strong>.	É um monitoramento em <strong>tempo real</strong>.	Colaboração em <strong>tempo real</strong> com outros utilizadores;	tempo real	um	um	é	tem	https://pt.wikipedia.org/wiki/Tempo_real					
terceira idade	idade	terceira	idade	terceiro	AN	S	F	no	no	4390			PC	Criaram-se creches e centros de <strong>terceira idade</strong>.	Empresa fabrica produtos ortopédicos para a <strong>terceira idade</strong>.	Vi até uma senhora de <strong>terceira idade</strong> de triciclo.	terceiro idade	uma	uma	é	tem	http://www.priberam.pt/DLPO/terceira%20idade					
terceira pessoa	pessoa	terceira	pessoa	terceiro	AN	S	F	no	no	11536			PC	O Guimarães Rosa se tratava na <strong>terceira pessoa</strong>.	E você pode alternar entre primeira e <strong>terceira pessoa</strong>.	Um exemplo de história em <strong>terceira pessoa</strong> é o Grande Gatsby de F. Scott Fitzgerald.	terceiro pessoa	uma	uma	é	tem	https://pt.wiktionary.org/wiki/terceira_pessoa					
tiro livre	tiro	livre	tiro	livre	NA	S	M	yes	no	1243			C	A infração resulta em <strong>tiro livre</strong> indireto para o adversário.	Todos os <strong>tiros livres</strong> são diretos e sem barreira da equipe adversária.	Renan cobrou o <strong>tiro livre</strong> na trave e desperdiçou ótima oportunidade de marcar.	tiro livre	um	um	é	tem	https://pt.wikipedia.org/wiki/Tiro_livre					
trabalho braçal	trabalho	braçal	trabalho	braçal	NA	S	M	no	no	402			C	Entre uma idéia e sua realização existe o <strong>trabalho braçal</strong>.	Avessos a <strong>trabalhos braçais</strong>, os americanos deixam o serviço perigoso para imigrantes.	Os que fazem <strong>trabalho braçal</strong> ao ar livre, talvez não necessitem de mais exercícios.	trabalho braçal	um	um	é	tem	https://pt.wiktionary.org/wiki/trabalho_bra%C3%A7al					
trabalho escravo	trabalho	escravo	trabalho	escravo	NA	S	M	no	no	19447			C	As fundações foram, igualmente, construídas por <strong>trabalho escravo</strong>.	A expropriação de propriedades onde for encontrado <strong>trabalho escravo</strong>.	Utilizam-se muito deles para promover <strong>trabalho escravo</strong>.	trabalho escravo	um	um	é	tem	https://pt.wikipedia.org/wiki/Escravid%C3%A3o					
vaca louca	vaca	louca	vaca	louco	NA	S	F	no	no	2901	doença da vaca louca		NC	Depois surgiram a doença da <strong>vaca louca</strong> e a gripe do frango.	E pela ingestão de carne contaminada pela doença da <strong>vaca louca</strong>.	A doença da <strong>vaca louca</strong> apareceu quando o gado foi obrigado a se canibalizar.	vaca louco	uma	uma	é	tem	https://pt.wiktionary.org/wiki/doen%C3%A7a_da_vaca_louca					
vinho branco	vinho	branco	vinho	branco	NA	S	M	no	no	1395			C	Pra beber, <strong>vinho branco</strong>.	Prosecco nada mais é que tipo de <strong>vinho branco</strong> espumante.	Ponha meio copo de <strong>vinho branco</strong> seco e deixe evaporar.	vinho branco	um	um	é	tem	https://pt.wiktionary.org/wiki/vinho_branco					
vinho tinto	vinho	tinto	vinho	tinto	NA	S	M	no	no	2180			C	Combina perfeitamente com <strong>vinho tinto</strong> Pinot Noir.	Frutas vermelhas marinadas no <strong>vinho tinto</strong>.	Se você comprou um queijo menos maduro, escolha um <strong>vinho tinto</strong> encorpado.	vinho tinto	um	um	é	tem	https://pt.wiktionary.org/wiki/vinho_tinto					
vista grossa	vista	grossa	vista	grosso	NA	S	F	no	no	2988	fazer vista grossa		NC	O governo fez <strong>vista grossa</strong> e deixou a coisa rolar.	Aqueles que criticam Malafaia fazem <strong>vista grossa</strong> a outros graves pecados.	Não faça <strong>vista grossa</strong> para crimes, por menores que sejam.	vista grosso	uma	uma	é	tem	https://pt.wiktionary.org/wiki/fazer_vista_grossa					
viva voz	voz	viva	voz	vivo	AN	S	F	no	no	617			NC	Esses convidados nem sempre podem participar de <strong>viva voz</strong>;	Hoje é a última vez que eu vou falar com você em <strong>viva voz</strong>.	Desafio qualquer pessoa a dizer que eu recomendei voto no Serra, que recomendei por escrito ou de <strong>viva voz</strong> o voto no Serra.	vivo voz	uma	um	é	tem	https://pt.wiktionary.org/wiki/voz#Express.C3.B5es					
vôo doméstico	vôo	doméstico	vôo	doméstico	NA	S	M	no	no	3415			C	O aeroporto internacional oferece <strong>vôos domésticos</strong>, europeus e transatlânticos.	O site tem uma lista de todos os <strong>vôos domésticos</strong> e internacionais, duração e preços.	Os <strong>vôos domésticos</strong> são normalmente de Sydney, Melbourne, Brisbane, Adelaide e Perth.	vôo doméstico	um	um	é	tem						
vôo internacional	vôo	internacional	vôo	internacional	NA	S	M	no	no	1518			C	A agência nacional de vigilância sanitária tem como localizar quem viajou com os doentes, pois vinha recolhendo as guias de declaração de bagagens em <strong>vôos internacionais</strong>.	A Pan-Am, outra gigante, só operava <strong>vôos internacionais</strong>.	Esse destino se acrescenta a malha de <strong>voos internacionais</strong> da TAM.	vôo internacional	um	um	é	tem						
voto secreto	voto	secreto	voto	secreto	NA	S	M	no	no	219			C	As eleições são realizadas por <strong>voto secreto</strong>.	A aliança pregava a justiça trabalhista, o <strong>voto secreto</strong> e o voto feminino.	O <strong>voto secreto</strong> era de absoluta necessidade, assim como o voto feminino.	voto secreto	um	um	é	tem						
