compound	noun	modifier	nounlemma	modifierlemma	order	number	gender	A-invar	hyphen	link-wiktionnary	freq-frWaC	related-expr	comment	Carlos-annot	examplesent1	examplesent2	examplesent3	regexp-freq	undefdet	etre	avoir	quedet
service public	service	public	service	public	NA	S	M	no	no	https://fr.wiktionary.org/wiki/service_public	93258			C	Développons des<strong> services publics</strong> de qualité !	La poste doit rester un<strong> service public</strong> !	Les<strong> services publics</strong> seraient coûteux et inefficaces.	service public	un	est	a	qu'
premier ministre	ministre	premier	ministre	premier	AN	S	M	no	no	https://fr.wiktionary.org/wiki/premier_ministre	66753			C	Borloo espère le poste de<strong> premier ministre</strong>.	Chirac ne nommerait pas Sarkozy<strong> premier ministre</strong>.	Le<strong> premier ministre</strong> est un dirigeant respecté.	premier ministre	un	est	a	qu'
sécurité sociale	sécurité	sociale	sécurité	social	NA	S	F	no	no	https://fr.wiktionary.org/wiki/s%C3%A9curit%C3%A9_sociale	57543			C	La<strong> sécurité sociale</strong> est notre patrimoine commun.	Elle est remboursée par la<strong> sécurité sociale</strong>.	La<strong> sécurité sociale</strong> est une assurance maladie obligatoire.	sécurité social	une	est	a	qu'
conseil municipal	conseil	municipal	conseil	municipal	NA	S	M	no	no	https://fr.wiktionary.org/wiki/conseil_municipal	47914			C	Le<strong> conseil municipal</strong> donne son accord.	Les séances du<strong> conseil municipal</strong> sont publiques.	Le budget est voté par le<strong> conseil municipal</strong>.	conseil municipal	un	est	a	qu'
directeur général	directeur	général	directeur	général	NA	S	M	no	no	https://fr.wiktionary.org/wiki/directeur_g%C3%A9n%C3%A9ral	43778			C	Il était<strong> directeur général</strong> de valoris.	Le<strong> directeur général</strong> dirige la nouvelle institution.	Un<strong> directeur général</strong> sera nommé prochainement.	directeur général	un	est	a	qu'
ressources humaines	ressources	humaines	ressource	humain	NA	P	F	no	no	https://fr.wiktionary.org/wiki/ressources_humaines	32436			C	Le sous-directeur des<strong> ressources humaines</strong> était absent.	On recherche un consultant en<strong> ressources humaines</strong>.	Cette activité réveille des besoins en<strong> ressources humaines</strong>.	ressource humain	des	sont	ont	que 
jeune fille	fille	jeune	fille	jeune	AN	S	F	yes	no	https://fr.wiktionary.org/wiki/jeune_fille	31747			C	La<strong> jeune fille</strong> blonde repart.	Cette<strong> jeune fille</strong> était sa soeur.	La<strong> jeune fille</strong> le regarde intensément.	jeune fille	une	est	a	qu'
journal officiel	journal	officiel	journal	officiel	NA	S	M	no	no	https://fr.wiktionary.org/wiki/Journal_officiel	30999			C	Cet arrêté est publié au<strong> journal officiel</strong>.	Sa publication au<strong> journal officiel</strong> est imminente.	Il consulte le<strong> journal officiel</strong> de la république française.	journal officiel	un	est	a	qu'
temps réel	temps	réel	temps	réel	NA	S	M	no	no	https://fr.wiktionary.org/wiki/temps_r%C3%A9el	30172			PC	Informez vous en<strong> temps réel</strong> !	La traduction se fait en<strong> temps réel</strong>.	Vos véhicules sont suivis en<strong> temps réel</strong>.	temps réel	un	est	a	qu'
vie quotidienne	vie	quotidienne	vie	quotidien	NA	S	F	no	no	https://fr.wiktionary.org/wiki/vie_quotidienne	29553			C	Ces élections concernent la<strong> vie quotidienne</strong> des populations.	La métallurgie fait partie de notre<strong> vie quotidienne</strong>.	Oubliez les petits accidents de la<strong> vie quotidienne</strong>.	vie quotidien	une	est	a	qu'
développement économique	développement	économique	développement	économique	NA	S	M	yes	no	XX	27458			C	La priorité est pourtant le<strong> développement économique</strong>.	C'est une ville en plein<strong> développement économique</strong>.	La Chine connaît aujourd'hui un<strong> développement économique</strong> extraordinaire.	développement économique	un	est	a	qu'
petit déjeuner	déjeuner	petit	déjeuner	petit	AN	S	M	no	no	https://fr.wiktionary.org/wiki/petit_d%C3%A9jeuner	25424			PC	Je veux un bon <strong>petit-déjeuner</strong>.	Que mangent les suédois au <strong>petit-déjeuner </strong> ?	Cet hôtel sert un<strong> petit déjeuner</strong> continental.	petit déjeuner	un	est	a	qu'
intérêt général	intérêt	général	intérêt	général	NA	S	M	no	no	https://fr.wiktionary.org/wiki/int%C3%A9r%C3%AAt_g%C3%A9n%C3%A9ral	23748			C	Concurrence et<strong> intérêt général</strong> sont antinomiques.	Ils donnent surtout des informations d'<strong>intérêt général</strong>.	Comment conduire les entreprises à respecter l'<strong>intérêt général</strong> ?	intérêt général	un	est	a	qu'
site officiel	site	officiel	site	officiel	NA	S	M	no	no	XX	23219			C	Vérifier les dates sur le<strong> site officiel</strong>.	Le<strong> site officiel</strong> européen vient d'être ouvert.	Ce<strong> site officiel</strong> vous indiquera tous les renseignements intéressants.	site officiel	un	est	a	qu'
langue française	langue	française	langue	français	NA	S	F	no	no	https://fr.wiktionary.org/wiki/langue_fran%C3%A7aise	21959			C	La<strong> langue française</strong> est belle et riche...	Les dossiers sont rédigés en<strong> langue française</strong>.	Les candidats étrangers doivent maîtriser la<strong> langue française</strong>.	langue français	une	est	a	qu'
disque dur	disque	dur	disque	dur	NA	S	M	no	no	https://fr.wiktionary.org/wiki/disque_dur	20546			PC	Il va reformater votre<strong> disque dur</strong>.	Enregistrez le fichier sur le<strong> disque dur</strong>.	Rechercher un fichier sur le<strong> disque dur</strong>.	disque dur	un	est	a	qu'
matière première	matière	première	matière	premier	NA	S	F	no	no	https://fr.wiktionary.org/wiki/mati%C3%A8re_premi%C3%A8re	19769			PC	La demande de<strong> matières premières</strong> explose.	Cette<strong> matière première</strong> doit obligatoirement être transformée.	Toutes les<strong> matières premières</strong> sont rigoureusement sélectionnées.	matière premier	une	est	a	qu'
table ronde	table	ronde	table	rond	NA	S	F	no	no	https://fr.wiktionary.org/wiki/table_ronde	19546			NC	Il animera ensuite la<strong> table ronde</strong>.	Chaque<strong> table ronde</strong> aborde une problématique différente.	Plusieurs<strong> tables rondes</strong> et ateliers seront organisés.	table rond	une	est	a	qu'
école primaire	école	primaire	école	primaire	NA	S	F	yes	no	https://fr.wiktionary.org/wiki/%C3%A9cole_primaire	18244			C	L'<strong>école primaire</strong> est juste en face.	Ces jeux s'adressaient surtout aux élèves des<strong> écoles primaires</strong>.	Des professeurs d'<strong>école primaire</strong> étaient venus avec leurs élèves.	école primaire	une	est	a	qu'
temps partiel	temps	partiel	temps	partiel	NA	S	M	no	no	https://fr.wiktionary.org/wiki/%C3%A0_temps_partiel	18088			PC	Ils travaillent à<strong> temps partiel</strong>.	Charlotte devient salariée à<strong> temps partiel</strong>.	1 professionnel sur 4 exerce à<strong> temps partiel</strong>.	temps partiel	un	est	a	qu'
année scolaire	année	scolaire	année	scolaire	NA	S	F	yes	no	XX	17857			C	L'<strong>année scolaire</strong> passe toujours très vite.	L'<strong>année scolaire</strong> va pouvoir se dérouler normalement.	Chaque enfant lira 100 livres durant l'<strong>année scolaire</strong>.	année scolaire	une	est	a	qu'
changement climatique	changement	climatique	changement	climatique	NA	S	M	yes	no	https://fr.wiktionary.org/wiki/changement_climatique	17484			C	Cette menace est accentuée par les<strong> changements climatiques</strong>.	Le<strong> changement climatique</strong> est une question de société.	Ces<strong> changements climatiques</strong> entraînent alors la disparition de nombreuses espèces.	changement climatique	un	est	a	qu'
bon sens	sens	bon	sens	bon	AN	S	M	no	no	https://fr.wiktionary.org/wiki/bon_sens	17241			C	Cette initiative de<strong> bon sens</strong> est à saluer.	Vous faites preuve d'un incontestable<strong> bon sens</strong>.	C'est une stratégie fondée sur le<strong> bon sens</strong>.	bon sens	un	est	a	qu'
organisation syndicale	organisation	syndicale	organisation	syndical	NA	S	F	no	no	XX	17117			C	Les<strong> organisations syndicales</strong> ont critiqué ce document.	Cette avancée répond aux revendications présentées par les<strong> organisations syndicales</strong>.	Interpellez les<strong> organisations syndicales</strong> de votre entreprise.	organisation syndical	une	est	a	qu'
eau potable	eau	potable	eau	potable	NA	S	F	yes	no	https://fr.wiktionary.org/wiki/eau_potable	16463			C	Ce système non réversible gaspille beaucoup d'<strong>eau potable</strong>.	Je fais attention à mes consommations d'<strong>eau potable</strong>.	Chaque maison est raccordée au réservoir d'<strong>eau potable</strong>.	eau potable	une	est	a	qu'
grande entreprise	entreprise	grande	entreprise	grand	AN	S	F	no	no	XX	16315			C	Je suis cadre dans une<strong> grande entreprise</strong>.	Les<strong> grandes entreprises</strong> réalisent des économies d'échelles.	Les<strong> grandes entreprises</strong> du bâtiment affichent des résultats flamboyants.	grand entreprise	une	est	a	qu'
courrier électronique	courrier	électronique	courrier	électronique	NA	S	M	yes	no	https://fr.wiktionary.org/wiki/courrier_%C3%A9lectronique	16200			C	Ces informations lui sont transmises par<strong> courrier électronique</strong>.	Le<strong> courrier électronique</strong> a modifié nos comportements épistolaires.	Le logiciel de<strong> courrier électronique</strong> compresse les dossiers.	courrier électronique	un	est	a	qu'
insertion professionnelle	insertion	professionnelle	insertion	professionnel	NA	S	F	no	no	XX	16091			C	L'<strong>insertion professionnelle</strong> des jeunes musiciens est une préoccupation majeure.	Ce réseau devrait aider à l'<strong>insertion professionnelle</strong> des futurs docteurs.	Le baccalauréat professionnel est un diplôme à finalité d'<strong>insertion professionnelle</strong>.	insertion professionnel	une	est	a	qu'
expérience professionnelle	expérience	professionnelle	expérience	professionnel	NA	S	F	no	no	XX	15510			C	Deux années d'<strong>expérience professionnelle</strong> sont parfois requises.	L'<strong>expérience professionnelle</strong> minimum est de 3 ans.	Le stage en entreprise est une première<strong> expérience professionnelle</strong>.	expérience professionnel	une	est	a	qu'
parti politique	parti	politique	parti	politique	NA	S	M	yes	no	https://fr.wiktionary.org/wiki/parti_politique	15201			C	Le système politique autorise les<strong> partis politiques</strong>.	Les<strong> partis politiques</strong> se déchirent entre eux.	Paris n'appartient à aucun<strong> parti politique</strong>.	parti politique	un	est	a	qu'
sécurité routière	sécurité	routière	sécurité	routier	NA	S	F	no	no	XX	14363			C	La<strong> sécurité routière</strong> est l'affaire de tous.	La<strong> sécurité routière</strong> lutte vigoureusement contre son usage au volant.	La<strong> sécurité routière</strong> en sera gagnante de par la baisse des vitesses.	sécurité routier	une	est	a	qu'
bonne pratique	pratique	bonne	pratique	bon	AN	S	F	no	no	https://fr.wikipedia.org/wiki/Bonne_pratique	14215			C	Voici un résumé des<strong> bonnes pratiques</strong> alimentaires.	Les<strong> bonnes pratiques</strong> peuvent cacher de mauvaises intentions !	Ils sont tenus de respecter un code de<strong> bonnes pratiques</strong>.	bon pratique	une	est	a	qu'
téléphone portable	téléphone	portable	téléphone	portable	NA	S	M	yes	no	https://fr.wiktionary.org/wiki/t%C3%A9l%C3%A9phone_portable	13745			C	Le<strong> téléphone portable</strong> a envahi notre quotidien.	L'utilisation des<strong> téléphones portables</strong> est interdite.	Je lui ai donné mon numéro de<strong> téléphone portable</strong>.	téléphone portable	un	est	a	qu'
région parisienne	région	parisienne	région	parisien	NA	S	F	no	no	XX	13668			C	Elle vit et travaille en<strong> région parisienne</strong>.	Je peux me déplacer aussi en<strong> région parisienne</strong>.	Je vis actuellement en<strong> région parisienne</strong> dans l'Essonne.	région parisien	une	est	a	qu'
heure supplémentaire	heure	supplémentaire	heure	supplémentaire	NA	S	F	yes	no	https://fr.wiktionary.org/wiki/heure_suppl%C3%A9mentaire	13434			PC	Comment sont rémunérées les<strong> heures supplémentaires</strong> ?	La rémunération due englobe les<strong> heures supplémentaires</strong>.	Combien d'<strong>heures supplémentaires</strong> doivent travailler les cadres ?	heure supplémentaire	une	est	a	qu'
recherche scientifique	recherche	scientifique	recherche	scientifique	NA	S	F	yes	no	https://fr.wiktionary.org/wiki/recherche_scientifique	13130			C	La<strong> recherche scientifique</strong> repose sur la publication d'articles.	Ses activités s'appuient sur une<strong> recherche scientifique</strong> pluridisciplinaire.	La<strong> recherche scientifique</strong> requiert débat et validation par les pairs.	recherche scientifique	une	est	a	qu'
premier plan	plan	premier	plan	premier	AN	S	M	no	no	XX	13096			C	Les retraités sont au<strong> premier plan</strong>.	On voit au<strong> premier plan</strong> des graviers.	Berthe Morisot peintre également, apparaît au<strong> premier plan</strong>.	premier plan	un	est	a	qu'
temps plein	temps	plein	temps	plein	NA	S	M	no	no	https://fr.wiktionary.org/wiki/%C3%A0_temps_plein	12760			PC	La grande majorité exerce à<strong> temps plein</strong>	Ce sont des formations à<strong> temps plein</strong>.	Je suis disponible immédiatement à<strong> temps plein</strong>.	temps plein	un	est	a	qu'
vie associative	vie	associative	vie	associatif	NA	S	F	no	no	XX	12506			C	La<strong> vie associative</strong> reste importante et dynamique.	La<strong> vie associative</strong> est très présente à Saint-Nabord.	Les femmes sont déjà largement investies dans la<strong> vie associative</strong>.	vie associatif	une	est	a	qu'
eau chaude	eau	chaude	eau	chaud	NA	S	F	no	no	XX	12181			C	La rincer à l'<strong>eau chaude</strong> puis la sécher.	La système assure également la production d'<strong>eau chaude</strong> sanitaire.	L'<strong>eau chaude</strong> est produite grâce à des panneaux solaires.	eau chaud	une	est	a	qu'
art contemporain	art	contemporain	art	contemporain	NA	S	M	no	no	XX	12037			C	L'<strong>art contemporain</strong> a une signification précise.	Elle propose des expositions d'<strong>art contemporain</strong> en ligne.	Le musée d'<strong>art contemporain</strong> de sarajevo n'existe pas encore.	art contemporain	un	est	a	qu'
monument historique	monument	historique	monument	historique	NA	S	M	yes	no	https://fr.wiktionary.org/wiki/monument_historique	11988			C	L'édifice est classé<strong> monument historique</strong>.	Les<strong> monuments historiques</strong> ne sont pas des parkings !	Il fut attaché ensuite à la commission des<strong> monuments historiques</strong>.	monument historique	un	est	a	qu'
parc naturel	parc	naturel	parc	naturel	NA	S	M	no	no	https://fr.wiktionary.org/wiki/parc_naturel	11914			C	Le premier<strong> parc naturel</strong> fut celui de Yellowstone.	La France compte aujourd'hui 40<strong> parcs naturels</strong> régionaux.	La commune fait partie du<strong> parc naturel</strong> régional du Verdon.	parc naturel	un	est	a	qu'
second degré	degré	second	degré	second	AN	S	M	no	no	https://fr.wiktionary.org/wiki/second_degr%C3%A9	11906			NC	Ce texte aurait été drôle au<strong> second degré</strong> !	Je pense qu'il faut voir le film au<strong> second degré</strong>.	Mon voisin, visiblement, ne comprend pas le<strong> second degré</strong>.	second degré	un	est	a	qu'
petite annonce	annonce	petite	annonce	petit	AN	S	M	no	no	https://fr.wiktionary.org/wiki/petite_annonce	11740			PC	Déposer votre<strong> petite annonce</strong> gratuitement.	Ils répondent à la même<strong> petite annonce</strong>.	Consultez gratuitement les<strong> petites annonces</strong> classées par rubriques.	petit annonce	un	est	a	qu'
réchauffement climatique	réchauffement	climatique	réchauffement	climatique	NA	S	M	yes	no	https://fr.wiktionary.org/wiki/r%C3%A9chauffement_climatique	11716			C	Le<strong> réchauffement climatique</strong> clairement s'accélère.	Le<strong> réchauffement climatique</strong> actuel va affecter la biodiversité.	Al Gore pointe du doigt les dangers du<strong> réchauffement climatique</strong>.	réchauffement climatique	un	est	a	qu'
activité physique	activité	physique	activité	physique	NA	S	F	yes	no	XX	11615			C	L'<strong>activité physique</strong> est la meilleure des préventions.	Efforcez-vous de pratiquer régulièrement une<strong> activité physique</strong>.	Elle organise des stages d'<strong>activités physiques</strong> et sportives.	activité physique	une	est	a	qu'
centre commercial	centre	commercial	centre	commercial	NA	S	M	no	no	https://fr.wiktionary.org/wiki/centre_commercial	10475			C	Les<strong> centres commerciaux</strong> différent également selon chaque pays.	Le<strong> centre commercial</strong> a plus de 23 500 employés.	La première bombe a été déposée devant un<strong> centre commercial</strong>.	centre commercial	un	est	a	qu'
droit fondamental	droit	fondamental	droit	fondamental	NA	S	M	no	no	XX	10445			C	La peine de mort viole ce<strong> droit fondamental</strong>.	La sécurité est un des<strong> droits fondamentaux</strong> du citoyen.	L'accès aux soins est pourtant un<strong> droit fondamental</strong>.	droit fondamental	un	est	a	qu'
bonne humeur	humeur	bonne	humeur	bon	AN	S	F	no	no	https://fr.wiktionary.org/wiki/bonne_humeur	9835			C	Je me suis levé de<strong> bonne humeur</strong> ce matin.	La soirée s'est déroulée dans la<strong> bonne humeur</strong>.	Il semblait solitaire, et pas de très<strong> bonne humeur</strong>.	bon humeur	une	est	a	qu'
court-métrage	métrage	court	métrage	court	AN	S	M	no	yes	https://fr.wiktionary.org/wiki/court-m%C3%A9trage	9803			PC	Je voudrais réaliser un <strong>court-métrage </strong>cinéma.	Attention, ce <strong>court-métrage </strong>contient des images dures !	Il a reçu le César du meilleur <strong>court-métrage</strong>.	court métrage	un	est	a	qu'
vin blanc	vin	blanc	vin	blanc	NA	S	M	no	no	https://fr.wiktionary.org/wiki/vin_blanc	9254			PC	Déglacer la poele avec le<strong> vin blanc</strong>.	Quelquefois des<strong> vins blancs</strong> sont légèrement amers.	Il buvait du<strong> vin blanc</strong> et pouvait être bagarreur.	vin blanc	un	est	a	qu'
charge sociale	charge	sociale	charge	social	NA	S	F	no	no	XX	8726			C	Les heures supplémentaires sont désormais exemptées de<strong> charges sociales</strong>.	Cela vous évitera de payer deux fois les<strong> charges sociales</strong>.	Le poids des<strong> charges sociales</strong> est un frein pour l'emploi.	charge social	une	est	a	qu'
ordure ménagère	ordure	ménagère	ordure	ménager	NA	S	F	no	no	XX	8667			C	Jetez le filtre usagé avec vos<strong> ordures ménagères</strong>.	Les<strong> ordures ménagères</strong> sont enlevées et traitées quotidiennement.	Les déchets toxiques et<strong> ordures ménagères</strong> sont totalement interdits.	ordure ménager	une	est	a	qu'
guerre civile	guerre	civile	guerre	civil	NA	S	F	no	no	https://fr.wiktionary.org/wiki/guerre_civile	8628			C	La Somalie est en<strong> guerre civile</strong> depuis 1991.	Cette situation explosive menace de dégénérer en<strong> guerre civile</strong>.	La<strong> guerre civile</strong> a fait près de 70.000 morts.	guerre civil	une	est	a	qu'
huile essentielle	huile	essentielle	huile	essentiel	NA	S	F	no	no	https://fr.wiktionary.org/wiki/huile_essentielle	8442			PC	Quelles propriétés ont les<strong> huiles essentielles</strong> ?	Le parfum est constitué d'<strong>huiles essentielles</strong> bio.	Le traitement est composé de phytothérapie et de massage aux<strong> huiles essentielles</strong>.	huile essentiel	une	est	a	qu'
grande surface	surface	grande	surface	grand	AN	S	F	no	no	https://fr.wiktionary.org/wiki/grande_surface	8426			NC	Tu l'as acheté en<strong> grande surface</strong> ?	Ces<strong> grandes surfaces</strong> se distribuent les parts de marché.	Les<strong> grandes surfaces</strong> appliquent parfois des horaires plus étendus.	grand surface	une	est	a	qu'
travaux publics	travaux	publics	travail	public	NA	P	M	no	no	https://fr.wiktionary.org/wiki/travaux_publics	8415			C	Ces informations concernent tous les ouvriers qualifiés des<strong> travaux publics</strong>.	Les<strong> travaux publics</strong> représentaient en 2004 environ 8 000 entreprises.	Certains métiers des<strong> travaux publics</strong> sont des métiers à caractère dangereux.	travail public	des	sont	ont	que 
communauté urbaine	communauté	urbaine	communauté	urbain	NA	S	F	no	no	XX	8309			C	La<strong> communauté urbaine</strong> de nantes suit la démarche de rennes.	La demeure appartient actuellement à la<strong> communauté urbaine</strong> de bordeaux.	Le ramassage des encombrants est une compétence de la<strong> communauté urbaine</strong>.	communauté urbain	une	est	a	qu'
poids lourd	poids	lourd	poids	lourd	NA	S	M	no	no	https://fr.wiktionary.org/wiki/poids_lourd	7712			NC	Vous recrutez des conducteurs<strong> poids lourds</strong> ?	Cet itinéraire supporte un fort trafic<strong> poids lourds</strong>.	Les émissions des<strong> poids lourds</strong> sont réglementées depuis 1988.	poids lourd	un	est	a	qu'
foie gras	foie	gras	foie	gras	NA	S	M	no	no	https://fr.wiktionary.org/wiki/foie_gras	7689			C	Coupez le<strong> foie gras</strong> en tranches très fines.	Le champagne et de<strong> foie gras</strong> seront abondants.	Je préfère un bon pâté à un mauvais <strong>foie-gras</strong> !	foie gras	un	est	a	qu'
temps fort	temps	fort	temps	fort	NA	S	M	no	no	https://fr.wiktionary.org/wiki/temps_fort	7569			PC	Deux<strong> temps forts</strong> ont marqué cette matinée.	Deux<strong> temps forts</strong> ont marqué ce week-end découverte.	Ces moments sont des<strong> temps forts</strong> de notre parti.	temps fort	un	est	a	qu'
eaux usées	eaux	usées	eau	usé	NA	P	F	no	no	https://fr.wiktionary.org/wiki/eaux_us%C3%A9es	7332			PC	Les<strong> eaux usées</strong> sont en outre épurées totalement.	Les<strong> eaux usées</strong> sont stockées dans un réservoir.	Nous intervenons également en désinfection des<strong> eaux usées</strong>.	eau usé	des	sont	ont	que 
crème fraîche	crème	fraîche	crème	frais	NA	S	F	no	no	https://fr.wiktionary.org/wiki/cr%C3%A8me_fra%C3%AEche	7249			PC	Ajouter deux cuillerées de<strong> crème fraîche</strong>.	On sert ces boulettes chaudes avec de la<strong> crème fraîche</strong>.	Liez alors la sauce avec 125 g de<strong> crème fraîche</strong>.	crème frais	une	est	a	qu'
eau douce	eau	douce	eau	doux	NA	S	F	no	no	https://fr.wiktionary.org/wiki/eau_douce	7183			PC	Les réserves naturelles d'<strong>eau douce</strong> disparaissent.	La glace est de l'<strong>eau douce</strong> congelée.	Il vit en<strong> eau douce</strong> ou en eau salée.	eau doux	une	est	a	qu'
rond-point	point	rond	point	rond	AN	S	M	no	yes	https://fr.wiktionary.org/wiki/rond-point	6876			PC	Faire le tour du <strong>rond-point </strong>et passer sur le pont.	Au premier <strong>rond-point</strong>, prendre à gauche.	Les travaux se terminent à l'intérieur du <strong>rond-point</strong>.	rond point	un	est	a	qu'
réseau social	réseau	social	réseau	social	NA	S	M	no	no	https://fr.wiktionary.org/wiki/r%C3%A9seau_social	6838			PC	C'est quoi les<strong> réseaux sociaux</strong> sur Internet ?	Le piratage des<strong> réseaux sociaux</strong> devrait particulièrement augmenter.	Facebook est davantage un<strong> réseau social</strong> à vocation ludique.	réseau social	un	est	a	qu'
haut-parleur	parleur	haut	parleur	haut	AN	S	M	no	yes	https://fr.wiktionary.org/wiki/haut-parleur	6737			PC	Augmentez le volume de vos <strong>haut-parleurs</strong>.	Assurez-vous que les <strong>haut-parleurs </strong>sont allumés.	Une sonnerie retentit dans le<strong> haut parleur</strong>.	haut parleur	un	est	a	qu'
effet spécial	effet	spécial	effet	spécial	NA	S	M	no	no	https://fr.wiktionary.org/wiki/effet_sp%C3%A9cial	6146			PC	Les<strong> effets spéciaux</strong> sont bluffants, sans précédents !	Ces scènes sont enrobées par des<strong> effets spéciaux</strong> surprenants.	Les<strong> effets spéciaux</strong> de certains films sont de véritables spectacles.	effet spécial	un	est	a	qu'
grippe aviaire	grippe	aviaire	grippe	aviaire	NA	S	F	yes	no	https://fr.wiktionary.org/wiki/grippe_aviaire	5753			PC	La<strong> grippe aviaire</strong> progresse grâce aux oiseaux migrateurs.	Craignez-vous une épidémie de<strong> grippe aviaire</strong> en France ?	Aucun vaccin n'est actuellement développé pour la<strong> grippe aviaire</strong>.	grippe aviaire	une	est	a	qu'
idée reçue	idée	reçue	idée	reçu	NA	S	F	no	no	https://fr.wiktionary.org/wiki/id%C3%A9e_re%C3%A7ue	5683			NC	Ses conclusions balayent quelques<strong> idées reçues</strong>.	La publicité est pleine d'<strong>idées reçues</strong>.	Votre thèse détruit bien des<strong> idées reçues</strong>.	idée reçu	une	est	a	qu'
parti pris	parti	pris	parti	pris	NA	S	M	no	no	https://fr.wiktionary.org/wiki/parti_pris	5603			C	Les auteurs privilégient les<strong> partis pris</strong>.	La bibliographie reflète les<strong> partis pris</strong> des auteurs.	Tel est le<strong> parti pris</strong> de notre étude.	parti pris	un	est	a	qu'
petit-enfant	enfant	petit	enfant	petit	AN	S	M	no	yes	https://fr.wiktionary.org/wiki/petit_enfant	5529			PC	Elle aime jouer avec les<strong> petits enfants</strong>.	Je suis mamie de 7<strong> petits enfants</strong>.	Nos<strong> petits enfants</strong> vivent à Paris avec leurs parents.	petit enfant	un	est	a	qu'
nouveau monde	monde	nouveau	monde	nouveau	AN	S	M	no	no	https://fr.wiktionary.org/wiki/Nouveau_Monde	5336			NC	Cristophe Colomb rapporte du<strong> nouveau monde</strong> le maïs.	Nombreux sont les cavistes à proposer des vins du<strong> nouveau monde</strong>.	Dans cette province du Canada, les immigrants français ont créé une tradition musicale adaptée au <strong>nouveau-monde</strong>.	nouveau monde	un	est	a	qu'
point faible	point	faible	point	faible	NA	S	M	yes	no	https://fr.wiktionary.org/wiki/point_faible	5308			PC	Cependant, mon<strong> point faible</strong> était mon isolement.	Son<strong> point faible</strong> reste la circulation sanguine.	La gouvernance est toujours le<strong> point faible</strong> du pays.	point faible	un	est	a	qu'
dernier mot	mot	dernier	mot	dernier	AN	S	M	no	no	https://fr.wiktionary.org/wiki/dernier_mot	5207			PC	C'est mon<strong> dernier mot</strong> jean-pierre.	Le<strong> dernier mot</strong> appartient au pouvoir constituant.	L'église avait eu le<strong> dernier mot</strong>.	dernier mot	un	est	a	qu'
grand jour	jour	grand	jour	grand	AN	S	M	no	no	https://fr.wiktionary.org/wiki/grand_jour	5191			PC	Nous apparaissons au<strong> grand jour</strong>.	Notre invincible puissance éclate au<strong> grand jour</strong>.	Ses faiblesses sont apparues au<strong> grand jour</strong>.	grand jour	un	est	a	qu'
mauvaise foi	foi	mauvaise	foi	mauvais	AN	S	F	no	no	https://fr.wiktionary.org/wiki/mauvaise_foi	5180			NC	Tu fais preuve de<strong> mauvaise foi</strong> !	L'infraction doit être commise de<strong> mauvaise foi</strong>.	La fraude correspond à une action de<strong> mauvaise foi</strong>.	mauvais foi	une	est	a	qu'
grand écran	écran	grand	écran	grand	AN	S	M	no	no	https://fr.wiktionary.org/wiki/grand_%C3%A9cran	5117			PC	Famke Janssen a du mal a s'imposer sur<strong> grand écran</strong>.	Ses débuts sur<strong> grand écran</strong> remontent à 1993.	Certaines de ses oeuvres sont elles-mêmes adaptés sur<strong> grand écran</strong>.	grand écran	un	est	a	qu'
fait divers	fait	divers	fait	divers	NA	S	M	no	no	https://fr.wiktionary.org/wiki/fait_divers	4845			PC	Il s'intéresse principalement aux<strong> fait divers</strong>.	Et je lis toujours un peu les<strong> faits divers</strong>.	Quelques<strong> faits divers</strong> aussi rocambolesques que morbides suivent.	fait divers	un	est	a	qu'
vin rouge	vin	rouge	vin	rouge	NA	S	M	yes	no	https://fr.wiktionary.org/wiki/vin_rouge	4811			PC	Les<strong> vins rouges</strong> ont une coloration moyenne.	Servez ce délice avec un bon<strong> vin rouge</strong>.	Un verre de<strong> vin rouge</strong> quotidien ne peut pas être mauvais.	vin rouge	un	est	a	qu'
matière grasse	matière	grasse	matière	gras	NA	S	F	no	no	https://fr.wiktionary.org/wiki/mati%C3%A8re_grasse	4626			PC	Le lard est la seule<strong> matière grasse</strong> accessible.	Faites fondre la<strong> matière grasse</strong> dans une grande casserole.	Les sucres et les<strong> matières grasses</strong> doivent être diminués.	matière gras	une	est	a	qu'
gros plan	plan	gros	plan	gros	AN	S	M	no	no	https://fr.wiktionary.org/wiki/gros_plan	4474			PC	Je filme en<strong> gros plan</strong>, personnage par personnage.	Le<strong> gros plan</strong> est volontiers utilisé pour les interviews.	Découvrez des photos de la guêpe en<strong> gros plan</strong> après le saut.	gros plan	un	est	a	qu'
petit ami	ami	petit	ami	petit	AN	S	M	no	no	https://fr.wiktionary.org/wiki/petit_ami	4401			PC	Il avait une<strong> petite amie</strong> en Allemagne.	Suite à une dispute, sa<strong> petite amie</strong> disparaît.	Son<strong> petit ami</strong>, vraisemblablement las de la situation, la quitte.	petit ami	un	est	a	qu'
feu vert	feu	vert	feu	vert	NA	S	M	no	no	https://fr.wiktionary.org/wiki/feu_vert	4331			NC	Le tribunal donne son<strong> feu vert</strong>.	Elle avait demandé le<strong> feu vert</strong> du gouvernement.	Le parlement donnera ensuite son<strong> feu vert</strong> pour la ratification.	feu vert	un	est	a	qu'
match nul	match	nul	match	nul	NA	S	M	no	no	https://fr.wiktionary.org/wiki/match_nul	3960			PC	Cette partie se solde par un<strong> match nul</strong> sans but.	La France et l'Ukraine font<strong> match nul</strong> 0- 0.	L'Olympique Lyonnais a fait un<strong> match nul</strong> face à Barcelone.	match nul	un	est	a	qu'
trou noir	trou	noir	trou	noir	NA	S	M	no	no	https://fr.wiktionary.org/wiki/trou_noir	3895			NC	Comment les<strong> trous noirs</strong> se forment-ils ?	La matière dont nous sommes fait proviendrait des<strong> trous noirs</strong>.	Combien de galaxies hébergent un<strong> trou noir</strong> géant en leur centre ?	trou noir	un	est	a	qu'
bouc émissaire	bouc	émissaire	bouc	émissaire	NA	S	M	yes	no	https://fr.wiktionary.org/wiki/bouc_%C3%A9missaire	3674			NC	Jérôme Kerviel, coupable ou<strong> bouc émissaire</strong> ?	La droite en a fait son<strong> bouc émissaire</strong>.	Les immigrés servent seulement de<strong> bouc émissaire</strong>.	bouc émissaire	un	est	a	qu'
fil conducteur	fil	conducteur	fil	conducteur	NA	S	M	no	no	https://fr.wiktionary.org/wiki/famille_recompos%C3%A9e	3494			NC	La question problème sert de<strong> fil conducteur</strong>.	Le<strong> fil conducteur</strong> sera la notion de causalité.	Cette question est le<strong> fil conducteur</strong> de notre exposition.	fil conducteur	un	est	a	qu'
petit pois	pois	petit	pois	petit	AN	S	M	no	no	https://fr.wiktionary.org/wiki/petit_pois	3487			PC	On le sert accompagné de<strong> petits pois</strong>.	L'expérience des<strong> petits pois</strong> de Mandel le démontre.	Placez tous ces légumes dans une cocotte avec les<strong> petits pois</strong>.	petit pois	un	est	a	qu'
eau minérale	eau	minérale	eau	minéral	NA	S	F	no	no	https://fr.wiktionary.org/wiki/eau_min%C3%A9rale	3437			PC	Je bois un petit peu d'<strong>eau minérale</strong>.	Méfiez vous des<strong> eaux minérales</strong> trop riches en calcium.	Le français est le premier buveur d'<strong>eaux minérales</strong> du monde.	eau minéral	une	est	a	qu'
carte grise	carte	grise	carte	gris	NA	S	F	no	no	https://fr.wiktionary.org/wiki/carte_grise	3423			PC	La<strong> carte grise</strong> est délivrée gratuitement.	L'agent verbalisateur conserve la<strong> carte grise</strong> du véhicule.	Le titulaire de la<strong> carte grise</strong> est redevable de l'amende.	carte gris	une	est	a	qu'
sang froid	sang	froid	sang	froid	NA	S	M	no	no	https://fr.wiktionary.org/wiki/sang-froid	3342			NC	Veuillez garder votre <strong>sang-froid</strong>.	Les archers perdent quelquefois leur <strong>sang-froid</strong>.	Courageux, vous agissez avec <strong>sang-froid </strong>face aux difficultés.	sang froid	un	est	a	qu'
berger allemand	berger	allemand	berger	allemand	NA	S	M	no	no	https://fr.wiktionary.org/wiki/berger_allemand	3151			NC	Arnaud promène son<strong> berger allemand</strong>.	Va-t-il finir dévoré par son<strong> berger allemand</strong> ?	Son animal préféré est le chien (<strong> berger allemand</strong>).	berger allemand	un	est	a	qu'
haute montagne	montagne	haute	montagne	haut	AN	S	F	no	no	https://fr.wikipedia.org/wiki/Haute_montagne	3054			C	Il habite en<strong> haute montagne</strong> et dans la forêt.	Le vent de nord-est est soutenu en<strong> haute montagne</strong>.	L'équipe est constituée de professionnels de la<strong> haute montagne</strong>.	haut montagne	une	est	a	qu'
coup franc	coup	franc	coup	franc	NA	S	M	no	no	https://fr.wiktionary.org/wiki/coup_franc	2950			PC	Les bleus concèdent un nouveau<strong> coup franc</strong>.	À la 51e minute, l'arbitre siffle un<strong> coup franc</strong>.	Ils ont bénéficé de nombreuses occasions et de plusieurs<strong> coups francs</strong>.	coup franc	un	est	a	qu'
petit écran	écran	petit	écran	petit	AN	S	M	no	no	https://fr.wiktionary.org/wiki/petit_%C3%A9cran	2771			PC	Nicolas Sarkozy plaide pour la publicité sur le<strong> petit écran</strong>.	Comment la chaîne a pu ensuite arriver sur les<strong> petits écrans</strong> ?	Je suis très intéressé par le cinéma et le<strong> petit écran</strong> !	petit écran	un	est	a	qu'
coffre-fort	coffre	fort	coffre	fort	NA	S	M	no	yes	https://fr.wiktionary.org/wiki/coffre-fort	2670			PC	Chaque chambre est équipée d'un<strong> coffre fort</strong>.	Il vous rendra la clef une fois arrivé au <strong>coffre-fort</strong>.	Les malfaiteurs étaient repartis en emportant le <strong>coffre-fort </strong>de la société.	coffre fort	un	est	a	qu'
fou rire	rire	fou	rire	fou	AN	S	M	no	no	https://fr.wiktionary.org/wiki/fou_rire	2661			PC	Nous retenons difficilement un<strong> fou rire</strong>.	Elle éclate d'un<strong> fou rire</strong> incontrôlable.	Leur fraicheur et leur spontanéité a déclenché quelques<strong> fous rires</strong>.	fou rire	un	est	a	qu'
carte bleue	carte	bleue	carte	bleu	NA	S	F	no	no	https://fr.wiktionary.org/wiki/carte_bleue	2600			PC	C'était une caisse pour les<strong> cartes bleues</strong>.	Pourquoi il veut mon code de<strong> carte bleue</strong> ?	Nous acceptons les<strong> cartes bleues</strong>, Visa et Mastercard.	carte bleu	une	est	a	qu'
numéro vert	numéro	vert	numéro	vert	NA	S	M	no	no	https://fr.wiktionary.org/wiki/num%C3%A9ro_vert	2590			PC	Un<strong> numéro vert</strong> est mis en place.	C'est un<strong> numéro vert</strong> : l'appel est gratuit.	Appelez gratuitement la ville de grenoble en composant ce<strong> numéro vert</strong>.	numéro vert	un	est	a	qu'
bras droit	bras	droit	bras	droit	NA	S	M	no	no	https://fr.wiktionary.org/wiki/bras_droit	2409			NC	Il est le<strong> bras droit</strong> de l'éducateur spécialisé.	Son<strong> bras droit</strong>, Brice Hortefeux, était en retard.	On l'appelle souvent le<strong> bras droit</strong> ou le conseiller du président.	bras droit	un	est	a	qu'
chauve souris	souris	chauve	souris	chauve	AN	S	F	yes	no	https://fr.wiktionary.org/wiki/chauve-souris	2338			NC	La <strong>chauve-souris </strong>se nourrit de papillons.	Toutes les espèces de <strong>chauve-souris </strong>sont protégées.	Puis la <strong>chauve-souris </strong>s'envola pour prendre des feuilles.	chauve souris	une	est	a	qu'
carte vitale	carte	vitale	carte	vital	NA	S	F	no	no	https://fr.wiktionary.org/wiki/carte_vitale	2260			PC	La<strong> carte vitale</strong> est votre carte d'assuré social.	Plus de 210 000 professionnels de la santé acceptent la<strong> carte vitale</strong>.	La<strong> carte vitale</strong> n'est pas un moyen de paiement.	carte vital	une	est	a	qu'
famille nombreuse	famille	nombreuse	famille	nombreux	NA	S	F	no	no	https://fr.wiktionary.org/wiki/famille_nombreuse	2192			C	La fillette est maintenant mère de<strong> famille nombreuse</strong>.	Une<strong> famille nombreuse</strong> comprend trois enfants ou plus.	Ils appartiennent à une<strong> famille nombreuse</strong> composée de huit enfants.	famille nombreux	une	est	a	qu'
pleine lune	lune	pleine	lune	plein	AN	S	F	no	no	https://fr.wiktionary.org/wiki/pleine_lune	2188			PC	La<strong> pleine lune</strong> était resplendissante ce soir-là.	Hier soir c'était la<strong> pleine lune</strong>.	C'était une nuit de<strong> pleine lune</strong>, douce et fraîche.	plein lune	une	est	a	qu'
beau-père	père	beau	père	beau	AN	S	M	no	yes	https://fr.wiktionary.org/wiki/beau-p%C3%A8re	2186			NC	Le <strong>beau-père </strong>redoute son gendre.	En 1875, son <strong>beau-père </strong>mourut.	Il était le <strong>beau-père </strong>de Baudelaire.	beau père	un	est	a	qu'
nuit blanche	nuit	blanche	nuit	blanc	NA	S	F	no	no	https://fr.wiktionary.org/wiki/nuit_blanche	2071			PC	Vous avez passé des<strong> nuits blanches</strong> au labo.	Une<strong> nuit blanche</strong> ne se rattrape pas.	Tu ne fais plus de<strong> nuits blanches</strong> parce que c'est trop fatiguant.	nuit blanc	une	est	a	qu'
carte blanche	carte	blanche	carte	blanc	NA	S	F	no	no	https://fr.wiktionary.org/wiki/carte_blanche	2057			NC	Les flics ont reçu<strong> carte blanche</strong>.	Point de contraintes, vous avez<strong> carte blanche</strong>.	Le studio décide de lui donner<strong> carte blanche</strong> au projet.	carte blanc	une	est	a	qu'
cercle vicieux	cercle	vicieux	cercle	vicieux	NA	S	M	no	no	https://fr.wiktionary.org/wiki/cercle_vicieux	2029			PC	Il faut sortir de ce<strong> cercle vicieux</strong>.	Le malheur attire le malheur tel un<strong> cercle vicieux</strong>.	Ces frustrations mutuelles alimentent un<strong> cercle vicieux</strong> aux racines profondes.	cercle vicieux	un	est	a	qu'
second rôle	rôle	second	rôle	second	AN	S	M	no	no	https://fr.wikipedia.org/wiki/Second_r%C3%B4le	2028			PC	Son interprétation lui vaut le César du meilleur<strong> second rôle</strong> féminin.	Dommage qu'il ne joue qu'un<strong> second rôle</strong>.	Chaque personnage transpire des pages, y compris les<strong> seconds rôles</strong>.	second rôle	un	est	a	qu'
coup dur	coup	dur	coup	dur	NA	S	M	no	no	https://fr.wiktionary.org/wiki/coup_dur	1985			PC	C'est un<strong> coup dur</strong> pour l'équipe.	Ces personnes sont découragées au moindre<strong> coup dur</strong>.	Cette assurance prend en charge vos mensualités en cas de<strong> coup dur</strong>.	coup dur	un	est	a	qu'
cerf-volant	cerf	volant	cerf	volant	NA	S	M	no	yes	https://fr.wiktionary.org/wiki/cerf-volant	1971			PC	Peux-tu faire voler un <strong>cerf-volant </strong> ?	Comment faire un <strong>cerf-volant </strong>avec un sac en plastique !	La queue du <strong>cerf-volant </strong>assure la stabilité de l'appareil.	cerf volant	un	est	a	qu'
chute libre	chute	libre	chute	libre	NA	S	M	yes	no	https://fr.wiktionary.org/wiki/chute_libre	1966			PC	Votre baptême<strong> chute libre</strong> s'effectue en saut tandem.	Correspond-elle à la définition physique de la<strong> chute libre</strong> ?	Cette technique peut être assimilée à la<strong> chute libre</strong> chez les parachutistes.	chute libre	un	est	a	qu'
marée noire	marée	noire	marée	noir	NA	S	F	no	no	https://fr.wiktionary.org/wiki/mar%C3%A9e_noire	1946			NC	Une<strong> marée noire</strong> est-elle une catastrophe écologique ?	La côte libanaise est sinistrée par une<strong> marée noire</strong>.	La pollution est également indirecte avec les<strong> marées noires</strong>, conséquences du transport des hydrocarbures.	marée noir	une	est	a	qu'
feu rouge	feu	rouge	feu	rouge	NA	S	M	yes	no	https://fr.wiktionary.org/wiki/feu_rouge	1911			NC	Un bus est arreté à un<strong> feu rouge</strong>.	La voiture pile à un<strong> feu rouge</strong>.	Un camion s'arrête à un<strong> feu rouge</strong>.	feu rouge	un	est	a	qu'
beau-frère	frère	beau	frère	beau	AN	S	M	no	yes	https://fr.wiktionary.org/wiki/beau-fr%C3%A8re	1893			NC	Jean est le <strong>beau-frère </strong>de Thierry.	Et ton <strong>beau-frère</strong>, il a apprécié ?	Elodie prévient immédiatement son <strong>beau-frère </strong>Dominique par téléphone.	beau frère	un	est	a	qu'
eau vive	eau	vive	eau	vif	NA	S	F	no	no	https://fr.wiktionary.org/wiki/eau_vive	1882			PC	C'est également un lieu privilégié pour les sports en<strong> eaux vives</strong>.	Des rivières d'<strong>eau vive</strong> serpentent et ravinent à la surface du glacier.	Elle ravit également les amateurs de sports d'<strong>eaux vives</strong> (rafting, canoë, kayak).	eau vif	une	est	a	qu'
bon vent	vent	bon	vent	bon	AN	S	M	no	no	https://fr.wiktionary.org/wiki/bon_vent	1820			PC	On leur souhaite<strong> bon vent</strong>.	Je lui souhaite<strong> bon vent</strong> pour son projet.	Bravo l'artiste pour le travail accompli et<strong> bon vent</strong> pour tes choix d'avenir !	bon vent	un	est	a	qu'
valeur sûre	valeur	sûre	valeur	sûr	NA	S	F	no	no	XX	1680			C	La démocratie est une<strong> valeur sûre</strong>.	La générosité et la solidarité restent des<strong> valeurs sûres</strong>.	Le stage reste une<strong> valeur sûre</strong> pour intégrer les cabinets.	valeur sûr	une	est	a	qu'
faux pas	pas	faux	pas	faux	AN	S	M	no	no	https://fr.wiktionary.org/wiki/faux_pas	1672			PC	Tout<strong> faux pas</strong> est interdit.	Tout<strong> faux pas</strong> peut déclencher une mobilisation massive.	Les rivaux sont prêts à profiter du moindre <strong>faux-pas</strong>.	faux pas	un	est	a	qu'
table basse	table	basse	table	bas	NA	S	F	no	no	https://fr.wikipedia.org/wiki/Table_basse	1669			PC	Le repas était servi sur une longue<strong> table basse</strong>.	La<strong> table basse</strong> comporte un espace rangement sous le plateau.	Quatre fauteuils et une<strong> table basse</strong> en constituent le mobilier.	table bas	une	est	a	qu'
mauvaise langue	langue	mauvaise	langue	mauvais	AN	S	F	no	no	https://fr.wiktionary.org/wiki/mauvaise_langue	1632			NC	Je suis bien<strong> mauvaise langue</strong>.	De<strong> mauvaises langues</strong> font courir de fausses rumeurs sur la radio.	Les<strong> mauvaises langues</strong> disent que son labo n'est pas rangé.	mauvais langue	une	est	a	qu'
prince charmant	prince	charmant	prince	charmant	NA	S	M	no	no	https://fr.wikipedia.org/wiki/Prince_charmant	1569			PC	Les femmes cherchent un<strong> prince charmant</strong>.	Elle vivait heureuse et elle était amoureuse de son<strong> prince charmant</strong>.	Mariam put ainsi épouser son<strong> prince charmant</strong> et eut un enfant avec lui.	prince charmant	un	est	a	qu'
bas-côté	côté	bas	côté	bas	AN	S	M	no	yes	https://fr.wiktionary.org/wiki/bas-c%C3%B4t%C3%A9	1554			NC	Le convoi stationne sur le <strong>bas-côté</strong>.	Les véhicules défilent sur le <strong>bas-côté</strong>.	Des blocs de béton attendent sur le <strong>bas-côté</strong>.	bas côté	un	est	a	qu'
grand air	air	grand	air	grand	AN	S	M	no	no	https://fr.wiktionary.org/wiki/grand_air	1546			PC	La vie au<strong> grand air</strong> entretient la santé.	Il préférait les exécutions au<strong> grand air</strong>.	Il voudrait rejoindre le jardin, le calme, le<strong> grand air</strong>.	grand air	un	est	a	qu'
première dame	dame	première	dame	premier	AN	S	F	no	no	https://fr.wiktionary.org/wiki/premi%C3%A8re_dame	1522			PC	Carla Bruni est la nouvelle<strong> première dame</strong> de France.	Que pensez vous de la<strong> première dame</strong> que nous a choisi le président ?	L'ancienne<strong> première dame</strong> du Pakistan a l'intention de poursuivre son combat.	premier dame	une	est	a	qu'
tapis rouge	tapis	rouge	tapis	rouge	NA	S	M	no	no	https://fr.wiktionary.org/wiki/tapis_rouge	1512			C	Le banquier ne vous déroule pas le<strong> tapis rouge</strong> ?	Cannes lui déroule son<strong> tapis rouge</strong>.	Autrement dit, le<strong> tapis rouge</strong> a été déroulé aux vendeurs de machines agricoles.	tapis rouge	un	est	a	qu'
dernier cri	cri	dernier	cri	dernier	AN	S	M	no	no	https://fr.wiktionary.org/wiki/dernier_cri	1489			NC	Pour noël, vous souhaitez offrir un produit<strong> dernier cri</strong> ?	Les reconstitutions respectent le<strong> dernier cri</strong> des connaissances scientifiques.	Il ne recherche pas nécessairement des technologies et le<strong> dernier cri</strong> de l'électronique.	dernier cri	un	est	a	qu'
faux-semblant	semblant	faux	semblant	faux	AN	S	M	no	yes	https://fr.wiktionary.org/wiki/faux-semblant	1483			PC	Sa popularité est-elle un <strong>faux-semblant </strong> ?	Rien n'est plus dangereux que les <strong>faux-semblants</strong>.	Alors sortons des mythes et des <strong>faux-semblants </strong>qui encombrent nos greniers.	faux semblant	un	est	a	qu'
temps mort	temps	mort	temps	mort	NA	S	M	no	no	https://fr.wiktionary.org/wiki/temps_mort	1473			PC	Les<strong> temps morts</strong> nombreux cassent le rythme.	La production s'allège de tous les<strong> temps morts</strong>.	Le film est mené de façon cohérente sans<strong> temps morts</strong>.	temps mort	un	est	a	qu'
gros mot	mot	gros	mot	gros	AN	S	M	no	no	https://fr.wiktionary.org/wiki/gros_mot	1437			PC	Les<strong> gros mots</strong> seront immédiatement censurés.	Donc injure comme<strong> gros mots</strong> ne résolveront point la situation.	Ton aggressivité et tes<strong> gros mots</strong> sur notre site me dérangent.	gros mot	un	est	a	qu'
court-circuit	circuit	court	circuit	court	AN	S	M	no	yes	https://fr.wiktionary.org/wiki/court-circuit	1423			PC	L'incendie serait dû à un <strong>court-circuit</strong>.	Ne mettez jamais la batterie en <strong>court-circuit </strong> !	Coupez l'électricité si la fuite représente un risque de <strong>court-circuit</strong>.	court circuit	un	est	a	qu'
haute mer	mer	haute	mer	haut	AN	S	F	no	no	https://fr.wiktionary.org/wiki/haute_mer	1398			PC	Nous rejoignons les sauveteurs en<strong> haute mer</strong>.	C'est un port accessible aux navires de<strong> haute mer</strong>.	Le pourcentage est faible prés du littoral et élevé en<strong> haute mer</strong>.	haut mer	une	est	a	qu'
chapeau bas	chapeau	bas	chapeau	bas	NA	S	M	no	no	https://fr.wiktionary.org/wiki/chapeau_bas	1256			NC	<strong>chapeau bas</strong> aux acteurs, tous excellents.	Bravo et<strong> chapeau bas</strong> pour ton blog très intéressant.	Arnaud, l'Ardèche vous fait<strong> chapeau bas</strong> pour ce qui est de l'ergonomie du site.	chapeau bas	un	est	a	qu'
point mort	point	mort	point	mort	NA	S	M	no	no	https://fr.wiktionary.org/wiki/point_mort	1255			NC	L'investissement est au<strong> point mort</strong>.	Depuis, le dossier semble au<strong> point mort</strong>.	Faute de moyens, de nombreux projets de création restent au<strong> point mort</strong>.	point mort	un	est	a	qu'
yeux rouges	yeux	rouges	œil	rouge	NA	P	M	yes	no	https://fr.wikipedia.org/wiki/Effet_yeux_rouges	1161			C	Elle avait les<strong> yeux rouges</strong> à force de pleurer.	Des<strong> yeux rouges</strong> ce n'était pas courant, non.	Cela permet d'éviter l'effet des<strong> yeux rouges</strong>.	(œ|oe)il rouge	des	sont	ont	que 
sucre roux	sucre	roux	sucre	roux	NA	S	M	no	no	XX	1100			C	La consommation du<strong> sucre roux</strong> est alors fortement conseillée.	Blanchissez les jaunes en ajoutant progressivement le<strong> sucre roux</strong> et le sucre vanillé.	Le<strong> sucre roux</strong> c'est un sucre de canne complet plus ou moins raffiné.	sucre roux	un	est	a	qu'
matière grise	matière	grise	matière	gris	NA	S	F	no	no	https://fr.wiktionary.org/wiki/mati%C3%A8re_grise	1024			NC	Cet exil forcé des cerveaux représente un gâchis de<strong> matière grise</strong>.	Nous déplorons la fuite de<strong> matière grise</strong> à l'étranger.	Il existe de nombreuses façons de s'instruire ou de faire cogiter sa<strong> matière grise</strong>.	matière gris	une	est	a	qu'
petit-four	four	petit	four	petit	AN	S	M	no	yes	https://fr.wiktionary.org/wiki/petit-four	1017			NC	Ma mère préparait déjà les<strong> petits fours</strong> et compagnie.	Les<strong> petits fours</strong> sont cuits lorsqu'ils commencent à dorer.	Et je prépare les<strong> petits fours</strong> salés pour l'apéros.	petit four	un	est	a	qu'
chambre froide	chambre	froide	chambre	froid	NA	S	F	no	no	https://fr.wiktionary.org/wiki/chambre_froide	1005			C	J'ai aussi nettoyé la<strong> chambre froide</strong>.	Il est nécessaire d'améliorer l'équipement en<strong> chambre froide</strong>.	Ils pourront alors être prélevés plus tôt et conservés en<strong> chambre froide</strong>.	chambre froid	une	est	a	qu'
grand saut	saut	grand	saut	grand	AN	S	M	no	no	XX	941			NC	N'hésitez plus, faites le<strong> grand saut</strong> !	C'est comme un<strong> grand saut</strong> vers l'autonomie sans les risques !	Dans quelques mois, votre enfant devra effectuer le<strong> grand saut</strong> dans l'univers du collège.	grand saut	un	est	a	qu'
mort-né	mort	né	mort	né	NA	S	M	no	yes	https://fr.wiktionary.org/wiki/mort-n%C3%A9	917			C	Les enfants <strong>mort-nés </strong>sont pris en compte.	Ingres et Madeleine ne concevront qu'un enfant, <strong>mort-né</strong>.	Enfin, la loi a changé concernant le status d'un enfant <strong>mort-né </strong> !	mort né	un	est	a	qu'
prévision météorologique	prévision	météorologique	prévision	météorologique	NA	S	F	yes	no	XX	882			C	Météo-France continue de travailler pour améliorer les<strong> prévisions météorologiques</strong>.	Pourquoi les<strong> prévisions météorologiques</strong> se trompent ?	Les autorité restent attentives à l'évolution des<strong> prévisions météorologiques</strong> et des indicateurs sanitaires.	prévision météorologique	une	est	a	qu'
pages jaunes	pages	jaunes	page	jaune	NA	P	F	no	no	https://fr.wikipedia.org/wiki/Pages_jaunes	880			NC	Inscrivez votre entreprise sur les<strong> pages jaunes</strong>.	Consultez les<strong> pages jaunes</strong> pour avoir leurs coordonnées.	Ces outils peuvent ainsi être considérés comme les<strong> pages jaunes</strong> du web.	page jaune	des	sont	ont	que 
étoile filante	étoile	filante	étoile	filant	NA	S	F	no	no	https://fr.wiktionary.org/wiki/%C3%A9toile_filante	832			NC	Une<strong> étoile filante</strong> traverse le ciel.	Une<strong> étoile filante</strong> passa et ils firent un voeu.	Le moment le plus favorable pour observer les<strong> étoiles filantes</strong> se situe en deuxième partie de nuit.	étoile filant	une	est	a	qu'
faux cul	cul	faux	cul	faux	AN	S	M	no	no	https://fr.wiktionary.org/wiki/faux_cul	792			NC	Ça, c'est un discours un peu <strong>faux-cul </strong> !	Comment trouver le juste milieu entre un trop franc-parler et être un peu <strong>faux-cul </strong> ?	Me traiter de <strong>faux-cul</strong>, d'ingrat ou d'hypocrite, vous en avez parfaitement le droit.	faux cul	un	est	a	qu'
fleur bleue	fleur	bleue	fleur	bleu	NA	S	F	no	no	https://fr.wiktionary.org/wiki/fleur_bleue	771			NC	Elle est aussi rêveuse et un peu<strong> fleur bleue</strong>.	Cette comédie musicale<strong> fleur bleue</strong> vaut le détour pour les performances des danseurs.	Je suis certainement un brin trop<strong> fleur bleue</strong>, trop romantique pour l'époque actuelle !	fleur bleu	une	est	a	qu'
carton plein	carton	plein	carton	plein	NA	S	M	no	no	https://fr.wiktionary.org/wiki/carton_plein	752			NC	Côté audience, TF1 fait un<strong> carton plein</strong>.	Marseille essaiera de faire un<strong> carton plein</strong> en recevant Porto.	En Île-de-France, le Furia et Solidays ont fait<strong> carton plein</strong>.	carton plein	un	est	a	qu'
pied-noir	pied	noir	pied	noir	NA	S	M	no	yes	https://fr.wiktionary.org/wiki/pied-noir	711			NC	Enrico Macias ou Patrick Bruel sont des juifs<strong> pied noirs</strong>.	La réputation de Charly va vite dépasser la communauté <strong>pied-noir</strong>.	Son père est un <strong>pied-noir </strong>parti d'Algérie en 1962.	pied noir	un	est	a	qu'
casque bleu	casque	bleu	casque	bleu	NA	S	M	no	no	https://fr.wiktionary.org/wiki/casque_bleu	690			NC	Les<strong> casques bleus</strong> n'opposeront aucune résistance.	L'ONU a donc décidé d'envoyer des<strong> casques bleus</strong>.	2000 soldats français seront ainsi placés sous<strong> casque bleu</strong> au Liban.	casque bleu	un	est	a	qu'
bon vivant	vivant	bon	vivant	bon	AN	S	M	no	no	https://fr.wiktionary.org/wiki/bon_vivant	668			NC	Dans la restauration on est<strong> bon vivant</strong>.	Les bretons sont accueillants,<strong> bon vivants</strong> et chaleureux.	Je voudrais manger plus équilibrer mais nous sommes de<strong> bons vivants</strong>.	bon vivant	un	est	a	qu'
crème glacée	crème	glacée	crème	glacé	NA	S	F	no	no	https://fr.wiktionary.org/wiki/cr%C3%A8me_glac%C3%A9e	614			C	Presser la crème chantilly sur la<strong> crème glacée</strong>.	Les<strong> crèmes glacées</strong> sont également bien plus caloriques qu'un sorbet.	Ils fournissent des recettes pour faire des glaces et des<strong> crèmes glacées</strong>.	crème glacé	une	est	a	qu'
poupée russe	poupée	russe	poupée	russe	NA	S	F	yes	no	https://fr.wiktionary.org/wiki/poup%C3%A9e_russe	577			NC	Toutes ces<strong> poupées russes</strong> finissent-elles par s'emboîter ?	Plusieurs sociétés s'emboîtent les unes dans les autres, comme des<strong> poupées russes</strong>.	Pour ranger les éléments, il faut les emboiter dans le sens inverse, telles des<strong> poupées russes</strong>.	poupée russe	une	est	a	qu'
douche froide	douche	froide	douche	froid	NA	S	F	no	no	XX	539			NC	C'était la<strong> douche froide</strong> dans les tribunes.	Mais la réponse émanant des révolutionnaires fait office de<strong> douche froide</strong>.	Le ton de Vauboulon est une<strong> douche froide</strong> pour les colons de Saint-Paul.	douche froid	une	est	a	qu'
baie vitrée	baie	vitrée	baie	vitré	NA	S	F	no	no	XX	539			C	Je m'extrais lentement de mon fauteuil et regarde par la<strong> baie vitrée</strong>.	Le salon a une<strong> baie vitrée</strong> qui donne sur le jardin.	Une<strong> baie vitrée</strong> apporte un éclairage naturel.	baie vitré	une	est	a	qu'
parachute doré	parachute	doré	parachute	doré	NA	S	M	no	no	https://fr.wiktionary.org/wiki/parachute_dor%C3%A9	526			NC	Les<strong> parachutes dorés</strong> ne sont pas interdits, ils seront mieux encadrés.	Eux sont ainsi partis avec des<strong> parachutes dorés</strong>, et les salariés paient les pots cassés.	À son départ, le conseil d'administration décidera du versement ou non du<strong> parachute doré</strong>.	parachute doré	un	est	a	qu'
belle-mère	mère	belle	mère	beau	AN	S	F	no	yes	https://fr.wiktionary.org/wiki/belle-m%C3%A8re	470			NC	Elle n'a jamais supporté sa<strong> belle mère</strong>.	Je reconnais ma femme et ma<strong> belle mère</strong>.	Sa<strong> belle mère</strong> est désagréable et même méchante.	beau mère	une	est	a	qu'
montagnes russes	montagnes	russes	montagne	russe	NA	P	F	yes	no	https://fr.wiktionary.org/wiki/montagnes_russes	436			NC	Une<strong> montagne russe</strong> géante plonge d'une hauteur impressionnante.	On a fait tous les toboggans et les<strong> montagnes russes</strong>.	Walibi comporte à lui tout seul, 3 grand-huit et une<strong> montagne russe</strong>.	montagne russe	des	sont	ont	que 
faux ami	ami	faux	ami	faux	AN	S	M	no	no	https://fr.wiktionary.org/wiki/faux_ami	390			NC	Attention aux<strong> faux amis</strong>, disent les professeurs d'anglais.	Chaque jour, vous découvrez un <strong>faux-ami </strong>ou un mot-piège à éviter.	L'appellation ingénieur du son qui vient de l'anglais sound ingeneer, est un<strong> faux ami</strong>.	faux ami	un	est	a	qu'
vieille fille	fille	vieille	fille	vieux	AN	S	F	no	no	https://fr.wiktionary.org/wiki/vieille_fille	390			NC	Pour beaucoup, Jane Austen est considérée comme une éternelle<strong> vieille fille</strong>.	Ses patronnes sont deux<strong> vieilles filles</strong> austères.	Je citerai également Emily Watson, résoluement<strong> vieille fille</strong> féministe et joueuse de cartes.	vieux fille	une	est	a	qu'
petit joueur	joueur	petit	joueur	petit	AN	S	M	no	no	XX	372			NC	Je me sens vraiment<strong> petite joueuse</strong> à côté.	Certains refont les seins là où je change tout le corps, les<strong> petits joueurs</strong> !	Par rapport au climat politique italien, les candidats à l'Elysée apparaissent comme des<strong> petits joueurs</strong>.	petit joueur	un	est	a	qu'
pot-pourri	pot	pourri	pot	pourri	NA	S	M	no	yes	https://fr.wiktionary.org/wiki/pot-pourri	349			NC	C'est un<strong> pot pourri</strong> bien orchestré.	Le troisième lien est un<strong> pot pourri</strong> entre recherche, enseignement et autres divertissements jubilatoires.	Claude Bolling et son orchestre jouent un<strong> pot pourri</strong> des succès de Django Reinhardt.	pot pourri	un	est	a	qu'
brebis galeuse	brebis	galeuse	brebis	galeux	NA	S	F	no	no	https://fr.wiktionary.org/wiki/brebis_galeuse	337			NC	Je suis même la<strong> brebis galeuse</strong> du monde littéraire nippon.	La famille m'a traité en<strong> brebis galeuse</strong>.	Cette sanction permet ainsi d'éloigner de la profession les<strong> brebis galeuses</strong>.	brebis galeux	une	est	a	qu'
soirée privée	soirée	privée	soirée	privé	NA	S	F	no	no	XX	333			C	Des<strong> soirées privées</strong> ou à thèmes sont régulièrement organisées.	Une salle au sous-sol est à votre disposition pour vos<strong> soirées privées</strong>.	Il avait participé à une<strong> soirée privée</strong> qui suivait une journée d'intégration.	soirée privé	une	est	a	qu'
roulette russe	roulette	russe	roulette	russe	NA	S	F	yes	no	https://fr.wiktionary.org/wiki/roulette_russe	314			NC	Chuck Norris joue à la<strong> roulette russe</strong> avec un chargeur plein.	6 candidats, le revolver sur la tempe s'affrontent à la<strong> roulette russe</strong> !	Ce petit jeu finit par ressembler à de la<strong> roulette russe</strong> !	roulette russe	une	est	a	qu'
petit beurre	beurre	petit	beurre	petit	AN	S	M	no	no	https://fr.wiktionary.org/wiki/petit_beurre	289			NC	Collez les<strong> petits beurres</strong> 2 à 2 avec la crème.	C'est un gâteau avec des <strong>petits-beurres</strong>	Les valeurs nutritionnelles des biscuits sont très différentes selon que ceux-ci sont plus ou moins secs (comme les<strong> petits beurres</strong>) ou bien fourrés de chocolat.	petit beurre	un	est	a	qu'
bras cassé	bras	cassé	bras	cassé	NA	S	M	no	no	https://fr.wiktionary.org/wiki/bras_cass%C3%A9	265			NC	Ces<strong> bras cassés</strong> ne sont pas plus doués que moi en matière de soins  !	Petit bémol, il est nul et joue dans une équipe de<strong> bras cassés</strong>.	Et ben, vous me faites une belle équipe de<strong> bras cassés</strong>.	bras cassé	un	est	a	qu'
septième ciel	ciel	septième	ciel	septième	AN	S	M	yes	no	https://fr.wiktionary.org/wiki/septi%C3%A8me_ciel	245			NC	Une minute après, j'étais au<strong> septième ciel</strong>.	Les rapports sexuels ne sont pas du tout la seule façon de toucher au<strong> septième ciel</strong>.	Tous vos besoins de sensualité s'en trouvent comblés et vous pensez avoir atteint le<strong> septième ciel</strong>.	septième ciel	un	est	a	qu'
club privé	club	privé	club	privé	NA	S	M	no	no	XX	224			C	Je vous propose de rejoindre notre<strong> club privé</strong> gratuitement.	Ils découvrent que la victime et son mari fréquentaient un<strong> club privé</strong> échangiste.	D'autres gens d'affaires en font partie, dont certains qui fréquentent le<strong> club privé</strong> très sélect Mont-Royal.	club privé	un	est	a	qu'
pièce montée	pièce	montée	pièce	monté	NA	S	F	no	no	https://fr.wiktionary.org/wiki/pi%C3%A8ce_mont%C3%A9e	214			NC	Pour fabriquer une<strong> pièce montée</strong>, il met 5 heures.	Pour la<strong> pièce montée</strong>, j'ai décoré les macarons nutella de petites feuilles dorées.	Quand les tartelettes seront tièdes, empile-les pour faire une petite<strong> pièce montée</strong>.	pièce monté	une	est	a	qu'
petit salé	salé	petit	salé	petit	AN	S	M	no	no	https://fr.wiktionary.org/wiki/petit_sal%C3%A9	203			NC	Coupez le<strong> petit salé</strong> en dés.	Mettre les lentilles entourées des morceaux de<strong> petit salé</strong> dans un plat creux.	Dans une large marmite, chauffez l'huile et faites revenir les dés de<strong> petit salé</strong>.	petit salé	un	est	a	qu'
eau-forte	eau	forte	eau	fort	NA	S	F	no	yes	https://fr.wiktionary.org/wiki/eau-forte	202			NC	Elle est ensuite débarrassée de l'encre protectrice et gravée à l'<strong>eau forte</strong>.	Mes gouaches, aquarelles, pastels, <strong>eau fortes</strong>, et dessins feront partie d'un projet en perspective.	Il maîtrise très vite la peinture à l'huile, l'<strong>eau forte</strong>, et se consacre surtout aux natures mortes.	eau fort	une	est	a	qu'
petit-nègre	nègre	petit	nègre	petit	AN	S	M	no	yes	https://fr.wiktionary.org/wiki/petit-n%C3%A8gre	184			NC	Haddock est maintenant le seul à parler en<strong> petit nègre</strong>	Des esprits chagrins ont reproché à hergé de faire parler les africains en<strong> petit nègre</strong>.	Pas facile de choisir une randonnée dans un massif inconnu, en 30 mn, en parlant<strong> petit nègre</strong> !	petit nègre	un	est	a	qu'
bonne poire	poire	bonne	poire	bon	AN	S	F	no	no	https://fr.wiktionary.org/wiki/bonne_poire	162			NC	Mais j'ai l'impression que si vous êtes<strong> bonne poire</strong> tendance pigeonne, laissez tomber.	Celle-ci est un peu nunuche, gaffeuse,<strong> bonne poire</strong> quoi !	Et oui, avant j'étais la<strong> bonne poire</strong> qui acceptait tout mais maintenant tout cela a changé.	bon poire	une	est	a	qu'
petite nature	nature	petite	nature	petit	AN	S	F	no	no	https://fr.wiktionary.org/wiki/petite_nature	128			NC	Elle devait avoir une<strong> petite nature</strong> !	Pour une<strong> petite nature</strong>, tu te débrouilles plutôt bien !	Tout à l'heure la lune éclairait entièrement le cimetière, le rendant assez effrayant pour les<strong> petites natures</strong>.	petit nature	une	est	a	qu'
poule mouillée	poule	mouillée	poule	mouillé	NA	S	F	no	no	https://fr.wiktionary.org/wiki/poule_mouill%C3%A9e	124			NC	Mais tu es vraiment une<strong> poule mouillée</strong>, pousse toi, je suis plus fort.	Il m'a l'air de se comporter comme une<strong> poule mouillée</strong>, un incapable.	Certaines<strong> poules mouillées</strong> socialistes ont peur de passer pour des ringards.	poule mouillé	une	est	a	qu'
trou normand	trou	normand	trou	normand	NA	S	M	no	no	https://fr.wiktionary.org/wiki/trou_normand	115			NC	Le<strong> trou normand</strong> était un granité d'abricot au Cointreau.	Il existe maintenant des variantes au<strong> trou normand</strong> traditionnel.	Mettez à glacer au freezer et servez en coupes décorées de brins d'estragon soit en entrée soit en<strong> trou normand</strong>.	trou normand	un	est	a	qu'
partie fine	partie	fine	partie	fin	NA	S	F	no	no	https://fr.wiktionary.org/wiki/partie_fine	99			NC	Il a ainsi eu la surprise de voir des photos d'une<strong> partie fine</strong> avec des gens connus.	Sabina est la maîtresse d'un ministre anglais qui l'emmène volontiers dans les<strong> parties fines</strong> organisées par ses amis aristocrates.	Un certain nombre d'évêques et de prêtres sont friands de<strong> parties fines</strong>.	partie fin	une	est	a	qu'
téléphone arabe	téléphone	arabe	téléphone	arabe	NA	S	M	yes	no	https://fr.wiktionary.org/wiki/t%C3%A9l%C3%A9phone_arabe	93			NC	Avec le<strong> téléphone arabe</strong>, ça peut revenir aux oreilles de votre boss	Le peuple, mis rapidement au courant par le<strong> téléphone arabe</strong>, afflua en nombre.	Comme pour le jeu du<strong> téléphone arabe</strong>, ce projet sera transmis successivement aux deux professeurs.	téléphone arabe	un	est	a	qu'
